1027904,1,0,0,0,0,0,0,0,0,0,0,0,0,0,0,0,0,0
3159253,0,11,18,113,78,43,58,17,9,14,97,64,16,0,0,0,0,0
950828,0,0,0,0,0,0,0,0,0,0,0,0,0,1,0,0,0,0
4458243,13,24,35,2,3,1,2,0,0,0,0,1,0,16,14,19,18,12
4345229,0,2,3,0,0,0,2,0,0,0,0,3,0,0,0,1,4,3
3054729,24,2,1,0,0,0,0,0,0,0,0,0,0,14,17,14,3,3
650924,0,0,0,0,0,0,0,0,0,0,0,0,0,1,0,1,0,0
4479239,0,0,0,0,0,0,0,0,0,0,0,0,0,0,0,0,0,1
4470360,0,1,1,7,4,3,8,0,0,1,7,0,1,4,0,1,2,2
4453795,0,0,0,0,0,0,0,0,0,0,0,0,0,0,0,0,2,0
4326077,0,0,0,0,0,13,0,1,0,0,0,0,0,0,0,0,0,0
2630939,0,0,0,0,0,0,0,0,0,0,1,0,0,0,0,0,0,0
3271460,0,1,0,0,0,1,0,0,0,1,0,0,0,0,0,0,0,0
4339096,0,0,0,0,0,2,2,0,3,1,0,0,1,0,0,0,0,0
2687525,0,0,0,0,0,0,0,0,0,0,0,0,0,0,2,0,0,0
4396197,0,0,0,0,0,0,0,0,0,0,0,0,0,0,0,0,1,1
813020,0,0,0,0,0,0,0,0,0,0,0,0,0,3,1,1,0,0
2600252,0,0,0,0,0,1,0,2,1,0,0,0,0,0,0,0,0,0
2175243,0,0,1,0,0,0,0,1,2,1,0,1,2,0,1,1,2,0
4055079,0,0,0,0,0,0,1,0,0,1,0,0,0,0,0,0,0,0
4353189,1,3,2,3,3,8,11,15,6,7,4,1,19,4,0,0,3,2
4454539,0,0,0,1,0,0,2,0,0,0,0,0,0,0,0,0,1,0
4450673,0,0,0,1,3,1,3,3,0,2,3,2,1,0,0,0,0,0
4370483,1,0,0,0,0,0,0,0,0,0,0,0,0,0,1,0,0,0
2949810,0,0,0,0,1,0,0,0,0,0,0,0,0,0,0,0,0,0
3553018,0,0,1,1,0,0,0,0,0,3,0,0,1,0,0,0,0,0
4334258,0,1,2,0,0,0,0,0,0,0,0,0,0,0,0,1,1,1
3536010,0,1,0,0,0,0,2,1,0,0,0,0,0,0,0,0,0,0
4423112,0,0,0,0,0,0,1,1,0,0,0,0,0,0,0,0,0,0
4342133,0,0,0,0,0,0,0,0,0,0,0,0,0,0,0,1,4,2
4399632,0,0,0,0,0,0,0,0,0,0,0,0,0,1,0,0,0,1
4388198,0,0,0,0,0,2,0,0,1,1,0,0,0,0,0,0,0,0
2778627,0,0,0,0,0,0,1,0,0,0,0,0,1,0,0,0,0,0
4414556,0,0,0,0,0,0,0,0,0,0,0,0,0,3,0,6,8,12
138602,0,0,0,0,0,0,0,0,0,0,0,0,0,0,1,0,0,0
4415577,0,0,0,0,0,0,0,1,0,0,0,0,0,0,0,0,0,0
4362685,1,0,0,0,0,0,0,0,0,0,0,0,0,1,0,0,1,0
254296,1,0,1,0,0,0,0,0,0,0,0,1,0,1,1,1,0,0
2397963,0,0,0,0,1,0,0,0,0,2,0,0,0,0,0,0,0,0
1096660,0,0,0,0,0,0,0,0,0,0,0,0,0,0,1,0,0,0
3797322,4,1,5,0,2,0,0,0,0,0,0,1,0,5,7,8,6,1
4395245,0,0,0,0,0,0,0,2,0,0,0,0,0,0,0,0,0,0
1137803,0,0,0,0,0,0,0,0,0,0,0,0,0,0,1,0,0,0
236814,0,0,1,0,0,0,0,0,0,0,0,0,0,0,0,0,4,4
4415681,0,0,0,0,0,1,1,0,0,0,0,1,1,0,0,0,0,0
4398699,0,0,0,0,0,0,0,0,0,0,0,0,1,0,0,0,0,0
2719297,0,0,0,6,1,8,6,4,8,9,4,3,3,0,0,0,1,0
3420269,0,0,0,0,0,2,0,0,0,0,0,0,1,1,0,0,0,0
1636411,0,0,0,0,0,0,0,0,1,0,0,0,0,0,0,0,0,0
4340916,27,0,0,0,0,0,0,0,0,0,0,0,0,12,10,17,4,8
4476303,0,0,0,0,0,0,0,0,0,0,0,0,0,1,0,0,0,0
3396137,0,0,0,0,0,0,1,0,0,0,0,0,1,0,0,0,0,0
3237710,0,0,0,0,0,0,0,0,0,0,0,0,0,0,0,1,0,0
1104905,0,0,0,0,3,0,0,5,1,0,1,3,4,0,0,0,0,0
2799224,0,0,0,0,0,0,0,0,0,1,0,0,1,0,0,0,0,0
1856191,0,0,0,0,0,0,0,0,0,0,0,0,1,0,0,0,0,0
2140550,0,1,0,3,2,0,3,1,4,0,5,1,1,0,0,0,0,0
4071723,0,0,0,0,0,0,1,0,0,1,0,0,0,0,0,0,0,0
2371893,0,0,0,0,0,0,0,0,0,0,0,0,0,0,0,1,0,0
4462009,0,0,1,0,0,0,0,0,0,0,0,0,0,0,0,0,0,0
4482745,0,0,0,0,0,0,0,0,0,0,0,0,0,0,1,0,0,0
2293453,0,0,0,0,1,1,2,1,0,3,1,0,0,0,0,0,0,0
3573051,0,0,0,0,0,0,0,0,0,0,0,0,0,0,0,0,1,1
248831,1,0,0,0,0,0,0,0,0,0,0,0,0,0,1,0,0,0
4376643,0,3,5,4,14,9,8,0,0,4,6,11,0,0,0,0,8,8
4416081,1,0,0,0,0,0,0,0,0,0,0,0,0,0,1,0,0,0
3326587,5,0,0,0,0,0,0,0,0,0,0,1,0,1,2,0,0,0
4333002,0,0,0,0,0,0,0,0,0,0,0,0,0,0,0,1,0,0
4389650,0,0,0,0,0,2,0,0,0,0,0,0,1,0,0,0,0,0
4332534,0,0,1,0,0,0,0,0,0,0,0,0,0,0,0,0,0,0
2207590,1,1,0,1,0,0,1,0,0,0,0,0,1,2,0,1,4,2
4397670,0,0,0,0,0,0,0,0,0,0,0,0,0,1,0,0,0,0
2334840,0,0,1,0,0,0,0,2,0,0,0,0,0,0,0,0,0,0
4454222,0,0,1,2,4,7,4,1,3,8,5,4,5,0,0,0,0,0
2559172,0,1,4,0,0,1,1,1,0,0,0,4,0,0,0,0,2,0
4074649,0,0,1,0,0,0,0,0,0,0,0,0,0,0,0,0,0,0
4446407,0,0,0,1,0,0,0,0,0,0,0,0,0,1,0,0,0,0
4382804,5,0,0,0,0,0,0,0,0,0,0,0,0,0,8,0,0,0
4436898,0,0,0,0,0,0,0,0,1,0,2,0,0,0,0,0,0,0
1529382,3,0,0,0,0,0,0,0,0,0,0,0,0,1,0,0,0,0
4461636,0,0,0,0,0,0,0,0,0,0,0,0,0,0,0,0,1,0
4457131,0,0,2,0,0,0,0,0,0,0,0,0,0,0,0,0,2,1
4333145,2,0,0,0,0,0,0,0,0,0,0,0,0,1,4,1,0,0
4377663,2,0,0,2,2,0,2,1,2,1,0,2,2,5,0,5,2,6
1665650,0,1,1,0,0,0,0,0,0,0,0,0,0,0,0,0,1,0
1665651,0,0,0,0,0,0,0,0,0,0,0,0,0,1,1,0,1,1
4477870,3,0,0,0,0,0,0,0,0,0,0,0,0,2,0,1,0,0
1686480,0,0,0,0,0,0,0,0,0,0,0,0,0,1,0,2,0,1
2940867,0,0,0,0,0,0,0,0,1,0,0,0,0,0,0,0,0,0
1557344,1,2,0,0,0,0,0,0,1,0,0,0,0,1,0,1,0,0
1940859,0,0,0,1,0,0,0,0,0,0,0,0,0,0,0,0,0,0
4410802,0,0,0,0,0,0,0,1,0,0,0,0,1,0,0,0,0,0
4464720,57,29,41,0,0,0,0,0,0,0,0,0,0,29,59,27,53,48
240090,0,0,0,0,0,0,1,0,0,0,0,0,0,0,0,0,0,0
2724065,1,0,0,0,0,1,0,0,0,0,0,0,0,0,1,1,0,1
4372784,0,2,2,0,0,0,0,0,0,0,0,0,0,0,0,0,0,0
4454780,0,16,9,6,5,13,9,1,0,1,4,7,0,15,0,15,35,19
2304013,0,2,2,0,0,2,4,0,40,40,0,2,1,0,0,2,0,0
4387275,0,0,0,0,0,0,0,0,0,0,0,0,0,1,0,0,0,1
4307302,0,0,0,0,0,0,0,0,0,0,0,0,0,0,0,0,0,1
4454030,0,0,0,1,0,0,0,0,0,0,0,0,0,0,0,0,0,0
4345232,0,0,0,0,0,0,0,0,0,0,0,0,0,1,0,0,0,0
159384,0,0,0,3,1,0,0,2,2,0,3,0,3,0,0,0,0,0
1522124,0,0,0,0,0,0,0,0,0,0,0,0,0,1,0,0,0,0
3037672,0,0,0,0,0,3,0,0,0,1,0,0,1,0,0,0,0,0
3180820,0,4,4,0,0,0,0,0,0,0,1,1,0,1,0,1,0,1
4375521,0,0,0,0,0,0,2,4,0,0,0,0,0,0,0,0,0,0
819027,2,0,0,0,0,0,0,0,0,0,0,0,0,0,0,0,0,0
2524280,0,0,1,0,0,0,3,1,0,1,0,0,3,0,0,0,0,0
277678,0,0,0,0,0,0,0,0,0,0,0,0,0,0,1,0,0,0
2502097,1,1,0,0,0,0,0,0,0,0,0,0,0,1,0,2,1,1
4396183,0,0,3,0,0,0,0,0,0,0,0,0,0,0,0,0,1,0
1544503,0,0,0,2,0,0,0,0,0,0,0,2,0,0,0,0,3,0
3395739,0,0,0,0,0,0,1,0,0,0,0,0,0,0,0,0,0,0
3568455,0,0,0,0,0,0,0,0,0,0,0,0,0,1,0,0,0,0
2216255,1,0,0,0,0,0,0,0,0,0,0,0,0,0,1,0,0,0
4448860,0,0,0,0,0,1,0,7,6,3,1,0,10,2,0,0,0,0
4342359,0,0,0,0,0,1,0,0,0,0,0,0,0,0,0,0,0,0
3722999,0,0,0,0,0,0,0,0,0,0,0,0,0,1,0,1,0,1
3774731,1,2,0,0,0,0,0,0,0,0,0,0,0,1,2,1,0,0
886264,0,0,0,0,0,0,0,0,0,0,0,0,0,1,0,0,0,0
4437677,0,0,0,0,0,0,0,0,0,0,0,0,0,1,0,2,0,0
4364586,1,0,1,7,2,0,2,0,0,0,4,2,0,4,2,0,0,0
2273917,0,0,0,0,1,0,0,0,0,0,0,0,0,0,0,0,0,0
4399530,0,0,0,0,0,0,0,0,0,0,0,0,0,0,2,1,0,0
4441273,0,0,0,0,0,0,0,0,0,0,1,2,0,0,0,0,0,0
4364960,0,1,0,2,1,0,0,0,0,0,0,1,0,0,0,0,0,0
2797090,0,0,0,0,0,0,0,0,0,0,0,0,0,1,0,1,1,0
1519447,0,3,2,0,0,0,0,0,0,0,0,0,0,3,3,2,1,1
2080449,0,0,0,0,0,0,0,0,0,0,1,0,0,2,0,2,1,0
4362744,0,0,0,0,0,0,0,1,0,0,0,0,0,0,0,0,0,0
4359462,0,0,0,0,0,0,3,0,0,0,0,0,0,0,0,0,0,0
1951956,1,13,5,2,4,0,0,0,0,0,1,0,0,2,5,2,0,0
3524950,0,0,0,1,0,0,0,0,0,0,0,0,0,0,0,0,0,0
4428182,4,124,107,50,45,56,44,12,2,0,36,48,16,87,0,90,92,107
3892678,0,0,0,0,0,0,0,0,0,0,0,0,0,0,0,0,1,0
2725557,3,0,0,0,0,0,0,0,0,0,0,0,0,0,0,0,0,0
2571250,0,0,0,2,1,0,0,0,0,0,0,1,0,0,0,0,0,0
159360,0,1,0,0,0,1,0,1,0,0,1,1,0,0,0,0,0,0
4375302,0,0,0,0,0,0,0,0,0,0,0,0,0,0,0,1,0,0
4409207,1,0,0,0,0,0,0,0,0,0,0,0,0,0,0,0,0,0
4475322,0,0,0,1,0,3,1,1,0,0,2,1,2,0,0,0,0,0
2428141,0,0,0,0,0,1,0,0,0,0,0,0,0,0,0,0,0,0
4460944,0,0,0,0,0,1,2,5,0,4,1,1,1,0,0,0,0,0
150673,1,0,0,0,0,0,0,0,0,0,0,0,0,0,0,0,0,0
4140869,0,1,0,0,0,0,0,0,0,0,0,0,0,0,0,0,0,2
2044027,0,1,0,1,1,0,1,1,1,2,0,0,3,0,0,0,0,1
4423696,0,0,0,1,0,2,4,2,0,0,1,0,1,1,0,1,2,0
4374122,0,0,0,0,0,0,0,0,0,0,0,0,0,2,1,0,0,2
4403951,0,1,2,7,5,8,6,0,0,0,0,4,0,0,0,1,6,3
4460895,137,17,6,2,0,2,6,0,1,0,7,8,0,102,125,85,19,18
3575253,0,0,0,0,0,0,0,0,0,0,0,0,1,0,0,0,0,0
4336512,0,1,0,0,0,1,2,2,0,0,0,2,2,0,0,0,0,0
4061593,8,0,0,0,0,0,0,0,0,0,0,0,0,4,1,0,3,1
4411082,85,5,4,4,8,3,4,0,0,0,3,4,0,52,78,60,33,24
4447431,0,0,0,0,0,0,0,0,0,0,0,0,0,2,1,3,0,2
4355120,0,0,0,0,0,0,1,0,0,0,0,0,0,0,0,0,0,0
1814780,1,0,0,0,0,0,0,0,1,0,0,0,0,0,0,0,0,0
3007335,4,0,0,0,0,0,0,0,0,0,0,0,0,1,1,7,1,0
3512738,0,0,0,0,0,0,0,0,0,0,0,0,0,1,0,0,0,0
4325391,0,2,1,0,0,0,0,0,0,0,0,0,0,2,0,0,2,0
4304337,0,1,0,0,0,0,0,0,1,1,0,0,0,0,0,0,0,1
4303428,0,0,0,0,0,0,0,0,0,0,0,0,0,1,0,0,0,0
4369084,0,0,0,0,1,0,0,0,0,1,0,0,1,0,0,0,0,0
2990720,0,0,0,0,0,0,0,1,1,1,0,1,0,0,0,0,0,0
3225921,0,0,0,0,0,0,0,1,0,0,0,0,0,0,0,0,0,0
3954119,0,0,0,0,0,0,0,1,0,0,0,0,0,0,0,0,0,0
4000475,0,0,1,0,1,10,3,2,1,2,1,1,5,0,0,0,0,0
4329857,0,0,0,0,0,0,0,0,0,0,0,0,0,0,1,0,0,0
2211570,0,0,0,0,0,0,1,0,0,0,0,0,0,0,0,0,0,0
3593081,0,0,0,0,0,0,0,1,0,0,0,0,0,0,4,0,0,1
4473176,0,0,0,0,0,0,0,0,0,0,0,0,0,0,1,0,0,0
2290176,0,0,0,0,0,0,0,0,0,0,0,0,1,0,0,0,0,0
4343828,0,0,0,0,0,0,0,0,0,1,0,0,0,0,0,0,0,0
4412514,0,4,2,7,5,5,10,1,0,0,0,0,1,0,0,0,1,0
237518,0,6,3,9,11,4,4,5,1,3,9,9,3,0,0,0,2,2
3584396,12,0,0,0,0,0,0,0,0,0,0,0,0,8,9,3,0,0
2955518,0,0,0,0,0,0,1,0,0,0,0,0,0,0,0,0,0,0
3744356,5,0,1,0,0,1,0,1,0,0,0,0,2,16,6,12,8,6
4390260,0,5,2,0,4,4,2,0,0,0,1,6,0,0,0,0,6,5
4466624,0,0,0,0,0,0,0,0,0,0,0,0,0,1,0,2,4,1
3122641,0,0,0,0,0,0,0,0,1,0,0,0,0,0,0,0,0,0
3846383,0,0,0,0,0,0,0,0,0,0,0,0,0,1,1,0,0,0
4439600,0,0,0,0,0,0,0,0,0,0,0,0,0,0,1,0,0,0
1534494,0,0,0,0,1,0,0,0,0,0,0,0,0,0,0,0,0,0
4480469,0,0,1,0,2,0,0,0,0,0,0,0,0,0,0,0,0,1
3388641,0,0,0,1,0,0,0,0,0,1,0,0,1,0,0,0,0,0
278057,0,0,0,0,0,0,0,0,0,0,0,1,0,0,0,0,0,0
4011339,0,0,0,0,2,2,0,2,1,0,0,2,2,0,0,0,1,0
2510497,0,0,0,0,0,6,1,2,2,3,0,2,1,0,0,0,1,0
2188941,0,0,1,0,0,0,0,0,0,0,0,0,0,0,0,0,0,0
4369662,10,0,1,0,0,4,0,2,0,0,0,0,0,2,4,1,3,2
529216,0,0,0,0,0,0,0,0,0,0,0,0,0,0,1,0,0,0
1911094,0,0,1,0,0,2,3,0,0,0,0,0,0,0,0,0,0,0
4445768,0,0,0,0,0,0,0,0,0,0,0,0,0,0,2,0,0,0
1840264,4,4,3,0,0,0,0,0,0,0,0,0,0,0,1,2,4,7
4195023,0,0,0,0,0,0,0,0,0,0,0,0,0,0,0,0,1,0
2852284,0,0,0,1,0,0,0,0,0,0,0,0,0,0,0,0,0,0
2691216,0,0,1,0,0,0,0,0,0,0,0,0,0,0,0,0,1,0
4394968,1,0,0,0,0,0,0,0,0,0,0,0,0,2,5,0,0,0
4041669,0,0,0,0,0,0,0,1,0,1,0,0,1,0,0,0,0,1
3419754,0,1,0,0,1,12,7,2,0,0,0,2,0,1,0,0,0,2
4326478,0,0,0,0,0,0,0,0,0,0,1,0,0,0,0,0,0,0
4326474,0,1,3,0,0,0,0,0,0,0,0,0,0,0,0,0,0,0
4380056,9,10,9,1,2,0,0,0,0,0,1,5,0,13,13,9,9,5
2727159,0,0,0,0,0,0,0,0,6,2,0,0,0,0,0,0,0,0
4407416,0,0,0,0,0,0,0,0,0,0,0,0,1,0,0,0,0,0
249265,0,9,2,7,5,4,1,2,1,0,0,3,1,2,0,1,8,9
3015026,0,0,1,0,1,0,0,0,0,0,1,0,0,0,0,0,0,0
4469976,0,0,0,0,0,0,0,0,0,0,0,0,0,0,0,1,0,0
1557336,3,0,0,0,0,0,0,1,0,0,0,0,0,0,1,1,0,0
2847226,0,0,0,0,0,0,0,0,0,1,0,0,0,0,0,0,0,0
4376433,0,0,0,0,1,1,0,1,0,0,0,0,0,0,0,0,0,0
239591,0,0,0,0,1,0,0,0,0,0,0,1,0,0,0,0,0,0
239596,0,0,0,0,0,0,0,0,1,1,0,0,0,0,0,0,0,0
3725987,0,0,0,0,0,0,0,0,2,0,0,0,0,0,0,0,0,0
224229,0,0,0,0,0,0,0,0,0,0,0,1,0,0,0,0,0,0
4170397,0,0,0,0,0,1,0,1,0,0,0,0,0,0,0,0,0,0
4330918,0,0,0,0,0,0,0,1,0,0,0,0,0,0,0,0,0,0
4173596,0,0,1,0,0,0,0,0,0,0,0,0,0,0,0,0,1,1
4023879,0,0,0,0,0,0,3,0,0,0,0,0,0,0,0,0,0,0
4405258,0,0,1,0,0,0,0,0,0,0,0,0,0,1,0,0,1,0
2023761,0,0,0,0,0,0,0,0,2,0,0,3,0,0,0,0,0,0
2094358,0,0,0,0,0,0,1,0,0,0,0,0,0,0,0,0,0,0
4353325,1,0,0,0,0,0,0,0,0,0,0,0,0,0,0,0,0,0
2725873,1,0,0,0,0,0,0,0,0,0,0,0,0,5,6,0,0,0
4409691,0,0,0,0,0,0,0,0,0,0,0,0,0,4,0,7,9,7
4405927,0,0,1,0,0,0,0,0,0,0,0,0,0,0,0,0,0,0
1811415,0,0,0,2,2,2,0,1,0,1,1,1,4,0,0,0,0,0
4432416,0,0,1,0,0,0,0,0,0,0,0,0,0,0,0,0,0,0
4454338,0,0,0,0,0,0,0,0,0,0,0,0,0,0,1,0,0,0
2889814,0,0,0,0,0,1,0,0,0,0,0,0,0,0,0,0,0,0
4381121,7,6,8,6,1,23,19,15,9,12,8,4,18,13,15,25,3,14
4325595,0,1,0,0,0,0,0,0,0,0,0,0,0,0,1,0,0,0
255827,0,4,3,2,2,3,10,6,7,3,5,2,6,1,0,0,0,0
2109570,0,0,0,0,0,0,0,0,0,0,0,0,0,0,0,0,1,3
2362900,0,0,0,0,0,0,0,0,0,0,0,0,0,0,0,0,0,2
4342361,0,2,0,0,2,1,1,0,0,0,0,1,1,0,0,0,0,1
4364593,0,0,0,0,0,0,1,0,0,0,2,0,0,1,2,0,0,0
201381,0,1,0,0,0,2,3,1,1,0,0,0,0,0,0,1,1,1
4339367,0,0,0,0,0,0,0,0,0,0,0,0,0,0,0,0,0,2
3815513,0,0,0,0,1,2,1,1,3,1,0,0,2,0,0,0,0,1
4441040,0,0,0,3,0,0,0,1,1,0,2,0,1,0,0,0,0,0
1623433,0,1,2,0,0,0,0,0,0,0,1,0,0,0,0,0,0,0
3759992,0,0,0,0,0,0,0,0,0,0,0,0,0,0,0,1,0,0
3297345,0,2,9,0,0,5,8,1,0,0,0,0,0,4,2,5,2,2
4399503,16,1,3,6,3,24,14,9,0,1,0,4,12,17,21,18,7,12
2477328,0,0,0,0,0,0,0,1,0,1,0,0,1,0,0,0,0,0
4439203,0,0,0,0,0,0,0,0,8,5,0,0,1,0,0,0,0,0
235297,0,0,0,0,0,2,0,0,0,0,0,0,0,0,0,0,0,0
248390,0,1,0,0,0,0,0,0,0,0,0,0,0,0,1,0,0,0
149262,0,0,0,0,0,0,0,0,1,1,0,0,0,0,0,0,0,0
3339747,0,0,0,0,0,0,0,0,0,0,0,0,0,0,1,0,0,0
3831498,0,0,0,0,3,0,0,0,0,0,0,0,0,0,0,0,0,0
3804048,0,0,0,0,0,0,0,0,0,0,0,0,0,0,0,1,0,1
4405037,0,0,0,0,0,0,0,0,0,0,0,0,0,0,1,1,0,0
4375640,0,0,0,2,0,3,1,0,1,2,0,1,0,0,0,0,0,0
227491,17,0,6,0,1,1,4,0,0,3,0,1,0,16,16,13,3,2
1972501,0,0,0,0,0,0,1,0,0,0,0,0,0,0,0,0,0,0
2358255,0,0,0,0,0,0,1,0,0,0,0,0,0,0,0,0,0,0
4400315,0,0,0,0,0,0,0,0,0,0,0,0,0,1,1,0,0,0
3373100,0,0,0,0,0,1,1,0,0,0,0,0,0,0,0,0,0,0
3220985,0,0,0,0,0,0,1,0,0,0,2,0,0,0,0,0,0,0
4346661,2,0,0,1,0,0,0,0,0,1,0,0,1,0,1,2,0,0
4415515,0,0,0,0,0,0,0,0,0,0,0,0,0,0,1,1,0,0
4390693,0,2,3,0,0,0,0,0,0,0,0,0,0,0,0,0,0,0
4340844,0,0,0,0,0,0,0,1,0,0,0,0,0,0,0,0,0,0
139228,0,0,0,3,1,1,1,2,2,1,1,0,4,0,0,0,0,0
3173931,0,0,0,0,0,1,1,2,0,0,0,0,0,0,0,0,0,0
4448139,1,0,0,0,0,0,0,0,0,0,0,0,0,0,1,0,0,0
4399476,0,0,0,0,0,2,2,2,0,0,0,0,1,0,0,0,0,0
4467386,0,0,0,0,0,0,1,0,5,1,0,0,0,0,0,0,0,0
3593364,0,0,0,0,0,0,0,0,0,0,0,0,0,1,0,0,0,0
1667535,1,0,0,0,0,0,0,0,0,0,0,0,0,0,2,0,0,0
3281306,0,2,1,0,0,0,0,0,0,0,0,0,0,0,0,0,0,3
1774931,0,0,0,0,0,3,0,1,0,1,0,0,1,0,0,0,0,0
3285317,1,0,1,0,0,0,0,0,0,0,0,0,0,1,1,0,0,4
4137084,0,0,0,0,0,0,0,0,0,0,0,0,0,0,3,0,0,0
4414970,0,0,0,0,1,0,1,0,0,1,0,0,0,0,0,1,2,0
4447730,0,0,0,0,0,0,0,1,0,0,0,0,1,0,0,0,0,0
4364660,19,0,0,1,0,0,0,0,0,0,0,0,0,9,29,9,2,2
2669630,0,0,0,0,1,0,0,0,0,0,0,1,0,0,0,0,0,0
2694769,0,0,0,0,1,0,0,0,0,0,0,0,0,0,0,0,0,0
656765,2,0,0,0,0,0,0,0,0,0,0,0,0,0,8,0,0,0
1858029,0,0,0,0,0,0,0,3,1,1,1,0,3,0,0,0,0,0
3906247,0,0,0,0,0,0,0,0,0,0,0,0,1,0,0,0,0,1
4350678,0,0,0,0,0,0,0,0,0,1,0,0,0,0,0,0,0,0
1559570,1,0,0,0,0,0,0,0,0,0,0,0,0,1,0,0,0,0
4456539,0,0,0,0,0,0,0,0,0,0,0,0,0,1,0,0,0,0
4463951,0,0,0,0,0,0,0,0,0,0,0,0,0,1,0,0,0,0
2518543,0,0,1,0,0,0,0,0,0,0,0,0,0,0,0,0,0,0
3917574,1,0,0,0,1,3,2,0,1,1,0,0,0,2,2,0,1,0
1893427,0,0,0,0,0,0,0,0,0,1,0,0,0,0,0,0,0,0
4244500,0,0,0,0,0,0,0,3,1,1,0,0,0,0,0,0,0,0
4314734,2,3,5,3,1,2,1,0,0,0,4,1,0,9,0,1,2,5
237297,0,1,2,5,1,1,4,0,0,0,1,3,0,0,0,0,0,1
2735495,1,1,0,0,0,1,1,0,6,1,0,0,0,2,3,1,0,0
4434377,7,0,0,1,0,0,0,0,0,0,0,0,0,2,7,2,1,0
3004565,0,0,1,3,0,8,8,10,7,3,0,2,5,0,0,0,0,0
2537230,0,0,0,5,2,0,0,0,0,0,4,2,1,0,0,0,0,0
4385128,0,1,1,0,0,0,1,0,0,0,1,4,0,0,0,0,1,0
1880439,0,0,0,1,0,3,0,0,0,0,0,0,0,0,0,1,1,0
4390877,0,0,0,0,0,0,0,0,0,1,0,0,0,0,0,0,0,0
2878500,0,1,1,1,2,1,0,0,0,0,0,2,0,0,0,0,0,0
2850386,0,0,0,0,0,0,0,0,0,0,0,0,0,0,0,0,1,2
4480257,0,0,0,0,0,0,0,0,0,0,0,0,0,2,0,1,0,0
2570551,0,0,0,0,0,0,0,0,0,0,0,0,0,0,2,0,0,0
3950214,0,0,0,0,0,0,0,0,0,0,0,0,0,0,0,1,0,0
4195019,0,0,0,0,1,1,1,0,0,0,0,2,1,0,2,2,0,0
1858028,0,0,0,0,0,0,1,0,0,0,1,0,0,0,0,0,0,0
146921,3,0,0,0,0,0,0,0,0,0,0,0,0,0,3,0,0,0
4473376,0,0,0,0,0,0,0,0,0,0,0,0,0,1,0,0,0,1
4446039,3,2,1,1,0,1,2,4,3,1,0,3,2,3,6,5,5,4
1671849,0,0,0,0,0,0,1,0,1,0,0,0,0,0,0,0,0,0
4474418,3,0,0,0,0,0,0,0,0,0,0,0,0,5,7,1,0,0
1740526,1,0,0,0,0,0,0,0,0,0,0,0,0,0,0,0,0,0
1740527,0,0,0,0,0,0,0,0,0,0,0,0,0,0,0,1,0,0
4435080,15,13,13,0,4,0,0,0,0,0,4,3,0,12,16,10,4,2
4337108,0,0,0,0,0,0,0,0,1,0,0,0,1,0,0,0,0,0
4377086,0,0,3,11,8,33,30,11,0,0,7,9,9,1,1,0,3,0
4361967,0,0,0,0,0,0,0,0,0,0,0,0,0,0,0,1,0,1
256656,0,0,1,0,0,0,0,0,2,0,0,0,0,0,0,0,0,0
1834858,2,0,2,2,1,5,2,0,0,0,1,1,2,4,4,11,6,11
4367547,0,0,0,0,0,0,0,0,0,0,0,0,0,0,0,0,1,0
238678,0,1,0,0,0,0,0,0,0,0,0,0,0,10,2,10,3,4
2370905,0,0,1,0,0,0,0,0,0,0,0,0,0,0,1,0,0,0
4452435,0,0,1,0,0,0,0,0,0,0,0,0,0,4,0,0,2,2
4410464,0,0,0,0,0,0,0,0,0,1,0,0,0,0,0,0,0,0
4478195,0,0,0,0,0,0,0,0,0,0,0,0,0,0,0,0,3,3
2880398,0,0,0,0,0,0,0,0,0,0,0,0,0,0,1,0,0,0
549682,0,0,0,0,0,0,0,0,0,0,0,0,0,0,1,0,0,0
3887432,0,0,0,0,0,0,0,0,0,0,0,1,0,0,0,0,0,0
1777291,1,0,0,1,4,1,0,1,0,1,1,2,0,3,0,0,0,0
3167422,0,0,0,0,0,4,0,0,0,0,1,0,0,0,0,0,0,0
4449992,0,1,1,0,0,0,0,0,1,1,0,0,0,1,0,0,0,0
4334911,0,0,0,0,0,0,1,0,1,4,0,0,1,0,0,0,0,0
4350302,0,0,0,0,0,0,1,0,2,0,0,0,0,0,0,0,0,0
2026030,15,0,0,0,0,0,0,0,0,0,0,0,0,31,7,19,3,2
4373416,0,0,0,0,0,0,0,0,0,1,0,0,0,0,0,0,0,0
4373415,0,1,0,0,0,0,0,0,0,0,0,0,0,0,0,0,0,0
4382659,1,0,0,0,0,0,0,0,0,0,0,0,0,0,0,1,1,0
103910,0,0,0,0,0,0,0,1,1,0,0,0,1,0,0,0,0,0
3410672,0,0,1,0,0,0,0,0,0,0,0,0,0,1,1,1,1,0
2743528,0,2,0,0,1,5,0,0,5,0,0,2,1,0,0,0,0,0
343816,0,0,2,0,0,0,0,0,0,0,0,0,0,0,0,1,2,0
4439984,3,1,1,0,0,2,1,0,0,0,2,1,1,0,1,2,0,0
3647471,0,0,0,0,0,0,0,1,0,0,0,0,0,0,0,0,0,0
4439980,0,1,1,0,0,0,0,0,0,0,0,0,0,0,0,0,1,1
634619,0,0,0,0,0,0,0,0,0,0,0,0,0,0,1,0,0,0
2221383,0,0,1,0,0,0,0,0,0,0,0,0,0,0,0,0,0,0
4383176,0,0,0,0,0,1,0,1,5,5,0,0,1,0,0,0,0,0
3461137,5,0,0,0,0,0,0,0,1,0,0,0,0,0,2,1,0,0
1546873,0,0,0,0,0,0,0,0,0,0,0,0,0,0,1,0,0,0
831595,0,0,0,0,0,0,0,0,0,0,0,0,0,0,1,0,0,0
4375254,2,0,2,0,1,0,0,0,0,0,0,1,0,0,0,0,1,0
4468635,0,2,7,4,5,3,2,0,2,0,4,5,0,1,0,0,2,1
559072,0,0,0,0,0,1,1,0,0,0,0,0,0,0,0,0,0,0
241958,0,0,0,0,0,0,2,0,2,6,1,1,1,0,0,0,0,0
4342799,0,0,0,1,0,0,0,0,0,0,0,0,0,0,0,0,0,0
3631937,0,0,3,0,0,0,0,0,0,0,0,0,0,0,0,0,0,1
4396728,0,0,0,0,0,0,0,1,0,0,0,0,0,1,0,0,0,0
4396729,0,0,0,3,4,1,2,6,0,0,4,0,4,0,0,2,2,5
4358421,0,0,0,0,0,0,0,0,0,0,0,0,0,2,1,0,0,0
200370,0,0,0,1,1,4,0,1,0,0,0,0,1,0,0,0,0,0
1963374,0,0,0,0,0,0,0,0,1,0,0,0,0,0,1,0,0,0
4104474,1,0,0,0,0,0,0,0,0,0,0,0,0,1,4,0,0,0
4383082,0,1,0,0,0,0,0,0,0,0,0,0,0,2,0,2,0,1
159189,0,0,0,0,0,4,2,1,1,0,0,0,1,0,0,0,0,0
2938165,0,0,0,0,0,0,0,0,0,0,0,2,0,0,0,0,0,0
4382687,0,0,0,0,0,1,0,0,0,0,0,0,0,0,0,0,0,0
159345,0,16,18,10,13,14,19,7,12,4,12,17,13,0,0,0,2,0
1694018,0,9,8,4,5,10,1,1,0,1,8,8,2,0,0,0,0,1
4187164,0,0,0,0,0,0,0,0,0,0,0,0,0,0,0,0,0,1
3022392,1,2,2,5,2,4,6,0,0,1,2,9,7,4,0,5,1,2
4383791,0,2,2,0,0,0,0,0,0,0,0,0,0,0,0,0,0,0
4356039,2,12,16,2,2,2,2,1,0,0,3,5,1,5,0,6,9,7
4454871,4,2,0,0,0,0,0,0,0,0,0,0,0,1,0,1,1,2
1615254,6,8,8,4,6,2,9,0,3,4,4,3,3,7,2,9,2,1
4403977,0,0,0,0,0,0,0,0,0,0,0,0,0,3,0,0,0,0
2610217,0,0,0,0,0,0,1,0,0,0,0,0,0,0,0,0,0,0
2663399,1,0,0,0,0,0,0,0,0,0,0,0,0,0,0,0,0,0
4396148,0,0,0,0,0,0,1,0,0,0,0,0,0,0,0,0,0,0
139217,0,0,0,0,1,0,0,0,0,0,0,0,0,0,0,0,0,0
4447384,0,0,0,0,0,0,0,0,0,0,0,0,0,0,0,1,0,0
3939747,0,0,0,0,0,0,0,0,0,0,0,2,0,0,0,0,0,0
2626017,0,0,1,0,0,0,0,0,0,0,0,3,0,0,0,1,0,1
3270419,0,0,0,0,0,0,0,0,0,0,0,0,0,0,0,0,2,0
3675511,0,0,0,0,0,0,0,0,0,0,0,0,0,2,2,0,1,1
4454736,1,0,0,0,0,0,0,0,0,0,0,0,0,0,0,0,0,0
2404779,0,1,1,5,12,13,19,15,4,6,4,9,12,0,0,0,1,0
1733499,1,0,0,0,0,0,0,0,0,1,0,0,0,3,0,2,0,2
3245568,0,0,0,0,0,0,0,0,0,0,0,0,0,0,0,1,1,0
2167550,0,0,0,0,0,0,0,0,0,0,0,0,0,0,0,0,0,1
2908674,0,0,0,0,0,0,0,0,1,0,0,0,0,0,0,0,0,0
102348,1,0,0,0,0,0,0,0,0,0,0,0,0,0,0,0,0,0
1844236,0,0,0,0,0,0,0,0,1,0,0,0,0,0,0,0,1,1
3659699,0,0,0,0,2,0,0,0,0,0,0,0,0,0,1,2,2,0
4481040,0,1,0,2,0,1,0,0,0,0,1,3,0,4,0,2,5,3
4481041,0,0,0,0,0,0,0,0,0,0,0,0,0,3,0,0,1,2
4443936,0,1,0,0,1,0,0,0,0,0,0,2,0,0,0,0,0,0
4351203,5,0,0,0,0,0,0,0,0,0,0,0,0,0,0,0,0,0
4448254,0,0,0,0,1,0,2,0,0,0,0,0,0,0,0,0,0,0
690767,1,0,0,0,0,0,0,0,0,0,0,0,0,0,0,0,0,0
4073314,1,9,5,11,8,11,10,10,0,0,10,5,3,2,4,0,4,0
4328274,1,0,0,0,0,0,1,0,0,0,1,1,0,0,0,0,1,0
269599,0,0,0,0,0,0,0,0,0,0,0,0,0,0,1,0,0,0
3420491,0,0,0,0,0,0,0,0,1,0,0,0,0,0,0,0,0,0
4416290,0,0,0,1,0,0,0,0,0,0,0,0,0,0,0,0,0,0
1029559,2,0,0,0,0,0,0,0,0,0,0,0,0,0,0,0,0,0
4469517,0,4,0,20,37,2,0,3,0,0,21,27,0,0,0,0,0,0
2485203,11,3,2,1,0,1,1,1,0,0,0,2,0,4,7,1,0,1
3631389,0,0,0,0,0,0,0,0,0,0,0,0,0,0,0,1,0,0
3272700,0,0,0,0,0,0,0,0,0,0,0,0,0,2,3,0,0,0
4361361,0,0,0,0,0,0,0,0,0,0,0,0,0,3,0,0,0,2
2056851,0,0,0,0,0,0,0,0,0,0,0,0,0,0,0,0,0,1
4390809,7,0,0,0,0,0,0,0,0,0,0,0,1,1,1,1,0,0
138301,0,1,0,0,0,0,0,0,0,0,0,0,0,1,0,0,0,0
4329873,0,0,0,0,0,1,0,0,0,0,0,0,0,0,0,0,0,0
1852196,2,0,0,0,0,0,0,0,0,0,0,0,0,0,1,0,1,0
252552,0,0,0,0,0,0,0,0,0,0,0,0,0,2,0,1,0,1
254866,1,2,1,0,0,0,0,0,0,0,0,0,0,0,1,0,1,2
3308051,0,0,0,0,0,0,0,0,0,0,0,1,0,0,0,0,0,0
4435147,0,7,1,1,0,40,17,39,56,63,2,6,22,1,0,1,0,1
4435144,0,0,0,0,0,0,0,0,0,0,0,1,1,0,0,0,0,0
4446168,0,0,0,1,1,1,1,0,1,0,0,1,0,0,0,0,0,0
4397593,0,0,0,0,0,0,0,0,0,0,0,0,0,0,1,0,0,0
4357548,0,0,0,1,0,0,0,0,0,0,2,1,0,10,0,4,10,5
2455709,0,0,0,0,0,0,0,0,1,0,0,0,0,0,0,0,0,0
3042804,0,0,0,0,0,0,0,0,0,0,0,0,0,1,0,1,0,0
4435560,0,0,0,0,0,0,0,0,0,0,0,0,0,0,3,0,0,0
3822639,0,0,0,0,0,0,0,1,0,0,0,0,0,0,0,0,0,0
4461885,3,2,0,0,3,0,0,0,0,0,0,1,0,0,7,1,1,0
4461883,2,0,0,0,0,0,0,0,0,0,0,0,0,0,2,0,0,0
4397265,0,0,0,1,0,0,0,0,0,0,0,0,0,3,0,1,1,3
3344719,6,0,0,0,0,1,0,0,0,1,1,0,0,6,3,1,0,1
4444543,0,0,0,0,0,0,0,0,0,0,0,0,0,2,1,0,0,1
4419945,1,8,7,0,1,0,0,0,0,0,0,2,0,2,1,1,4,3
217507,0,0,0,0,0,0,0,1,0,0,0,0,0,0,0,0,0,0
4017122,0,0,0,0,0,0,0,0,0,0,0,0,1,0,0,0,0,0
2370607,0,0,0,0,0,0,1,1,0,0,0,0,0,0,0,0,0,0
4397282,2,0,0,0,0,0,0,0,0,0,0,0,0,0,3,0,0,0
4386466,0,0,0,0,0,0,0,1,0,1,0,0,0,0,0,0,0,0
4477226,0,1,3,1,0,0,0,0,0,0,1,0,0,0,0,0,0,2
4406052,0,0,0,0,0,1,1,0,0,0,0,0,0,0,0,0,0,0
245486,0,2,0,0,0,2,0,1,0,0,1,0,2,0,0,0,0,0
4377746,0,0,0,0,0,0,1,0,2,0,0,0,1,0,0,0,0,0
4361416,0,0,0,0,0,0,0,0,0,0,0,0,0,0,1,0,0,0
4458203,1,0,0,0,0,0,0,0,0,0,0,0,0,0,1,1,0,0
3365408,0,1,0,0,0,0,0,0,0,0,0,1,0,2,0,0,0,0
111576,0,0,0,0,0,0,0,0,0,0,0,0,0,0,0,1,0,0
4479901,0,3,1,0,0,0,1,0,0,0,0,0,0,0,0,0,0,0
2716666,0,3,3,1,0,0,0,0,0,0,1,0,0,5,0,5,10,20
4416706,0,0,0,0,0,0,0,0,0,0,0,0,0,0,1,0,0,0
1868810,0,0,0,0,0,2,0,1,3,2,0,0,1,0,0,0,0,0
1131894,18,0,0,0,0,0,0,0,0,0,0,0,0,0,10,0,0,0
4002408,3,0,0,0,0,1,0,0,0,0,0,0,0,2,0,0,1,1
4332266,2,5,1,2,7,16,8,7,5,11,5,9,13,4,4,0,1,1
192215,1,0,0,0,0,0,0,0,0,0,0,0,0,0,0,0,0,0
4354540,0,0,0,0,0,0,0,0,0,0,0,0,0,0,2,0,0,0
4379019,0,1,3,1,1,0,1,1,0,0,1,2,1,0,0,3,1,0
3115207,0,0,1,0,1,3,3,1,6,7,2,4,5,0,0,0,0,0
3365319,0,0,1,1,0,0,0,0,0,0,0,0,0,0,0,1,0,0
560803,414,12,10,6,6,8,5,4,0,1,8,8,2,208,362,222,41,33
2021302,0,0,0,0,0,0,0,0,0,0,1,0,0,0,0,0,0,0
4400245,0,0,1,1,0,1,0,0,0,0,1,0,0,0,0,0,0,0
915265,0,0,0,0,0,0,0,0,0,0,0,0,0,0,1,0,0,0
4005494,0,0,0,0,0,0,0,0,1,0,0,0,0,0,0,0,0,0
101617,0,0,0,0,0,0,0,0,0,0,0,0,0,1,0,1,0,0
4458339,1,31,24,6,11,6,2,0,0,0,12,12,0,35,1,43,23,20
3541097,1,0,0,0,0,0,0,0,0,0,0,0,0,0,0,0,0,0
2877492,0,0,0,0,0,0,0,0,0,0,0,0,0,1,0,0,2,1
2654815,0,0,0,0,0,1,0,0,0,0,0,1,0,0,0,0,0,1
257276,0,0,0,1,0,0,0,0,0,0,0,0,1,1,0,1,0,0
3040339,0,1,3,1,0,0,0,0,0,0,0,2,0,4,0,1,2,4
2630849,0,4,5,19,6,19,17,7,0,1,14,12,6,0,0,0,2,2
4460176,1,0,0,0,0,0,0,0,0,0,0,0,0,0,0,0,0,0
4353300,0,0,0,0,0,0,1,0,0,0,1,0,0,0,0,1,0,0
3666320,0,2,0,1,0,0,0,0,0,0,0,0,0,0,1,0,1,1
3047522,0,0,0,0,0,0,0,0,0,0,0,1,0,0,0,0,0,0
4406123,0,0,0,0,0,0,0,0,0,0,0,0,0,1,0,1,0,0
4325484,0,0,0,0,0,0,0,0,1,0,0,0,0,0,0,0,0,0
1570807,0,0,0,1,4,1,0,0,0,0,0,0,0,1,0,4,9,8
3346020,0,0,0,0,0,0,0,0,0,0,0,0,0,0,0,0,0,1
2853112,0,1,3,0,2,0,1,0,0,0,0,0,0,0,0,0,0,0
4379746,0,0,0,1,0,0,0,0,0,0,0,0,0,0,0,0,0,0
2051910,0,0,0,0,0,0,1,0,0,0,0,0,0,0,0,0,0,0
1594011,0,0,0,0,0,0,0,1,0,0,0,0,0,0,0,0,0,0
1936082,0,0,0,0,0,0,1,0,0,2,0,0,0,0,0,0,0,0
4408304,1,0,1,0,0,0,0,0,0,0,0,0,0,2,0,5,13,5
4195962,0,0,0,1,0,1,0,0,0,0,0,0,0,0,0,0,0,0
245865,0,0,0,0,0,0,0,0,0,0,0,1,0,0,0,0,0,0
3111226,0,0,0,0,0,0,0,0,0,1,0,0,0,0,0,0,0,0
3471162,1,0,0,0,0,0,0,0,0,0,0,0,0,0,0,0,0,0
159357,0,0,2,0,0,0,0,0,0,0,0,0,0,0,0,0,0,0
3279467,1,0,0,0,0,0,0,0,0,0,0,0,0,0,1,1,0,0
4405581,0,0,0,1,0,0,0,0,0,0,0,0,0,0,0,0,0,0
1603735,0,0,0,0,0,0,0,1,0,0,0,0,0,0,0,0,0,0
4460919,0,2,2,0,0,0,0,0,0,0,0,0,0,0,0,0,0,0
4450561,3,1,0,0,0,0,0,0,0,0,0,0,0,2,2,0,1,0
4355023,0,1,0,0,0,0,0,0,0,0,0,0,0,0,0,0,0,0
2317360,0,0,0,1,0,0,0,0,0,0,2,0,0,0,0,0,0,0
4206890,0,0,0,0,0,3,2,1,17,32,0,0,0,0,0,0,0,0
4206893,0,0,0,0,0,0,0,0,0,1,0,0,0,0,0,0,0,0
4002863,0,0,0,0,0,0,3,6,0,0,0,0,3,0,0,0,0,0
2191697,0,0,0,0,0,0,0,0,0,0,0,0,0,0,0,0,0,1
3606780,0,0,0,0,0,0,0,0,1,0,0,0,0,0,0,0,0,0
1551425,0,0,0,0,0,0,0,0,0,0,1,0,0,0,0,0,0,0
4357538,0,0,0,0,0,0,0,0,0,0,1,0,0,0,0,0,0,0
3402397,0,0,0,0,0,0,0,0,0,0,0,0,0,0,0,0,0,1
3469103,0,0,1,0,0,0,0,0,0,0,0,0,0,1,0,1,0,1
4288025,1,0,0,0,0,0,0,0,0,0,0,0,0,0,3,0,0,0
2755200,0,0,0,0,0,0,0,0,0,0,0,0,0,0,1,0,0,0
4476276,0,1,0,0,0,0,0,0,0,0,0,0,0,0,0,0,0,0
4449283,0,0,0,0,0,0,0,0,0,0,0,0,0,0,0,1,1,0
4414281,0,0,0,0,0,0,0,2,0,0,0,0,0,0,0,0,0,0
4392725,0,0,0,0,0,0,0,1,0,0,0,0,0,0,0,0,0,0
4427903,0,0,0,0,0,1,0,0,0,1,0,0,0,0,1,0,0,0
251196,0,0,0,0,0,0,1,1,0,2,0,0,0,0,0,0,0,0
3242275,1,0,0,2,0,9,7,11,11,6,1,2,3,0,0,1,1,0
3253212,0,0,0,0,0,0,0,0,0,0,0,0,0,0,1,2,0,0
237675,0,0,0,0,0,0,0,0,0,0,1,0,0,0,0,0,0,0
3661248,0,0,0,0,0,0,0,0,0,0,0,0,0,0,0,1,0,0
2625392,0,0,0,0,0,0,0,0,0,0,2,0,2,0,0,0,0,0
4081648,12,0,0,0,0,0,0,0,0,0,0,0,0,3,7,4,0,0
2124721,5,0,0,0,0,0,0,0,0,0,0,0,0,3,4,1,0,0
3540306,0,0,0,0,0,0,0,0,0,1,0,0,0,0,0,0,0,0
1853139,0,0,0,0,0,0,0,0,0,0,0,0,1,0,0,0,0,0
1732154,1,0,0,0,0,0,0,0,0,0,0,0,0,0,0,1,2,0
235928,0,0,0,0,0,0,0,3,0,1,0,0,0,0,0,0,0,0
3787593,0,0,0,0,0,0,0,0,0,0,0,0,0,0,1,0,0,0
3979070,0,0,0,0,0,0,0,1,0,0,0,0,0,0,0,0,0,0
4434577,0,0,0,0,0,2,0,0,0,0,0,0,0,0,0,0,0,0
850638,1,0,0,0,0,0,0,0,0,0,0,0,0,0,0,0,0,0
4458540,0,1,0,0,0,0,0,0,0,0,0,0,0,0,0,0,0,0
805432,1,0,0,0,0,0,0,0,0,0,0,0,0,0,0,0,0,0
1598953,0,0,0,0,0,2,2,1,0,0,0,0,0,0,0,0,0,0
2703458,0,8,8,1,5,1,1,0,0,1,2,2,2,0,0,0,8,7
4458786,0,0,0,0,0,0,0,1,0,0,0,2,2,0,0,0,0,0
4434179,0,0,0,0,0,0,0,0,0,0,0,0,0,2,0,0,1,0
251460,1,0,0,0,0,0,0,0,0,0,0,0,0,0,0,0,0,0
4148176,0,2,0,0,2,1,0,1,0,1,1,7,0,0,0,0,0,0
3755898,1,0,0,0,0,0,0,0,0,0,0,0,0,3,2,6,1,0
4352270,0,0,1,0,0,0,1,0,0,0,0,0,0,0,0,0,0,0
4428162,0,1,0,0,0,1,0,0,0,0,0,0,0,0,0,0,0,0
3619856,0,3,2,3,0,2,3,1,0,0,2,0,0,1,0,0,0,0
238053,1,0,0,0,0,0,0,0,0,0,0,0,0,0,1,1,0,0
1119975,0,0,0,0,0,0,0,0,0,0,0,0,0,1,0,0,0,0
4480783,0,0,0,0,0,1,0,0,0,0,0,0,2,0,0,0,0,0
4479989,0,0,0,0,0,0,0,0,0,0,0,0,0,0,1,0,0,0
4304452,1,0,0,0,0,0,0,0,0,0,0,0,0,0,1,0,0,0
2032398,1,0,0,0,0,0,0,0,0,0,0,0,0,0,0,0,0,0
4438211,1,15,12,11,9,17,16,4,9,12,8,17,13,4,1,12,18,13
252562,0,4,4,3,2,0,2,0,0,1,8,1,0,0,0,0,1,1
4483052,1,0,2,0,0,0,0,0,0,0,0,0,0,4,1,4,4,5
3075617,1,3,0,0,0,1,0,1,0,0,0,2,3,3,0,1,2,1
4369658,0,0,0,0,0,0,0,0,0,0,0,0,0,0,1,0,0,0
2979076,0,0,1,15,21,5,9,0,0,1,19,13,1,0,0,0,0,0
4442473,0,0,0,0,0,1,2,0,16,12,0,0,1,0,0,0,0,0
4390491,0,0,0,0,0,1,0,0,0,0,0,0,0,0,0,0,3,0
4363440,0,0,0,0,0,0,0,0,0,0,0,0,0,3,2,3,2,2
1924607,0,0,0,0,0,0,0,0,0,1,0,0,0,0,0,0,0,0
2773512,0,0,0,0,0,0,0,0,0,0,0,0,0,0,0,1,0,0
2354638,0,0,0,1,1,0,1,1,0,0,0,1,0,0,0,0,0,0
820861,0,1,2,0,0,3,2,4,8,6,1,0,5,0,1,0,1,2
4409415,1,0,0,0,0,0,0,0,0,0,0,0,0,8,3,8,8,4
1818901,0,1,0,0,0,0,0,0,0,0,0,1,0,5,0,3,2,1
525391,1,0,0,0,0,0,0,0,0,0,0,0,0,0,0,0,0,0
4481520,0,7,2,0,1,1,0,0,0,0,0,2,0,0,0,0,12,4
4367566,1,0,0,0,0,0,0,0,0,0,0,0,0,0,0,0,0,0
4435550,0,0,0,0,0,0,0,0,0,0,0,0,0,0,1,0,0,0
2465968,0,1,0,0,0,0,2,0,0,0,0,0,0,0,0,0,0,0
3783749,0,0,0,0,0,0,0,0,0,2,0,0,0,0,0,0,0,0
4412915,1,0,0,0,0,0,0,0,0,0,0,0,0,0,0,0,0,0
4369788,0,0,0,0,1,0,0,0,0,0,0,0,0,0,0,0,0,0
2665096,1,0,0,0,0,0,0,0,0,0,0,0,0,0,0,0,0,0
4301533,1,0,0,0,0,0,0,0,0,0,0,0,0,1,0,0,0,0
4474500,1,0,0,0,0,0,0,0,0,0,0,0,0,1,0,0,0,0
4373185,0,0,0,0,0,0,0,1,0,0,0,0,1,0,0,0,1,0
3496239,0,0,0,0,0,2,2,1,2,0,0,0,0,0,0,0,0,0
673360,8,0,3,1,0,4,8,2,4,5,0,2,2,2,5,6,0,2
1720700,0,0,1,0,0,0,0,0,0,0,0,0,0,0,0,0,0,1
4226911,0,0,0,0,0,0,0,0,0,0,0,0,0,1,1,0,0,0
4385501,31,0,0,0,1,0,0,0,0,0,0,0,0,26,19,16,8,9
4301240,1,1,0,0,0,0,1,0,0,0,0,0,0,0,2,0,0,2
4479394,0,0,1,1,1,1,2,0,0,0,2,1,0,0,0,0,0,0
4475588,1,0,1,3,2,11,10,25,8,7,0,2,18,2,0,0,4,1
4417916,0,0,0,0,4,0,1,0,0,0,1,0,0,0,0,0,0,0
245585,0,0,0,0,0,0,0,2,2,2,0,0,5,0,0,0,0,0
2309197,0,3,4,1,10,19,13,19,35,40,5,8,18,0,0,1,1,0
4341271,1,0,0,0,3,1,0,1,0,1,1,0,2,0,0,0,0,0
4474189,0,0,0,0,0,0,0,0,0,0,0,0,0,0,0,1,0,2
3401603,0,3,0,0,1,0,1,0,2,1,2,0,0,0,0,0,0,1
2059268,0,0,0,1,0,1,0,0,0,0,1,0,0,0,0,0,0,0
3445546,0,2,0,0,0,0,0,0,0,0,0,0,0,0,0,0,0,0
2392106,0,0,2,0,0,0,0,0,0,0,0,0,0,3,0,1,0,1
136207,0,0,0,0,0,0,0,0,0,0,0,0,0,0,1,0,0,0
3166411,0,2,0,1,1,2,0,2,0,0,2,5,0,0,0,0,0,0
2217588,0,0,0,0,0,0,0,0,0,0,0,0,0,0,0,1,0,0
159210,0,0,0,0,1,0,0,0,0,0,0,0,0,0,0,0,0,0
3459632,0,0,2,0,0,0,0,0,0,0,0,0,0,2,0,0,0,0
4036168,2,2,0,0,0,3,0,1,0,0,0,0,0,3,1,3,3,2
4401275,0,3,2,0,0,0,0,0,0,0,0,0,0,6,0,6,25,19
2802536,0,0,0,0,0,0,1,0,0,0,0,0,0,0,0,0,0,0
4196908,0,0,0,0,0,0,0,0,0,0,0,0,0,0,1,0,0,0
2659543,0,0,1,0,0,0,0,0,0,0,0,0,0,1,0,1,0,1
2811010,0,0,1,3,2,0,2,1,0,0,3,0,0,0,0,0,0,0
4392408,0,0,0,0,0,0,1,0,0,0,0,0,0,2,0,0,0,0
3721370,0,0,0,0,0,0,0,1,0,0,0,0,0,0,0,0,0,0
4419117,0,0,0,0,0,0,0,0,0,0,0,0,0,0,0,0,1,0
3439004,0,0,0,0,0,0,1,0,0,0,0,0,0,0,0,0,0,0
3069114,0,0,1,0,0,0,0,0,0,0,0,0,0,1,0,0,1,0
3569839,0,0,0,0,0,1,0,0,0,1,2,0,0,0,0,0,0,0
4437945,0,0,0,0,0,0,0,0,0,0,0,0,0,0,0,0,0,1
4450795,0,0,0,0,0,0,0,0,0,0,0,0,0,0,1,0,0,0
3555677,0,1,1,1,0,1,2,1,1,0,1,0,1,0,0,0,0,0
257822,0,0,0,0,0,0,2,0,0,0,0,0,0,0,0,0,0,0
1573031,1,0,0,0,0,0,0,0,0,0,0,0,0,0,3,0,0,0
1932084,0,0,0,2,0,1,0,0,0,0,0,0,0,0,0,0,0,0
250836,1,0,1,0,0,0,0,0,0,0,0,0,0,2,10,0,1,0
4475968,0,11,19,7,1,8,8,7,2,2,5,5,7,2,1,3,2,8
4357540,2,6,1,0,2,0,0,0,0,0,2,0,0,2,4,4,0,3
4166425,0,0,0,0,0,0,0,0,0,0,0,0,0,0,0,0,1,0
4405579,0,2,0,1,0,0,0,0,1,0,0,0,0,0,0,0,1,3
3394691,2,0,0,0,0,0,0,0,0,0,0,0,0,2,0,2,0,0
4257212,0,0,0,0,2,0,0,1,0,0,0,0,0,0,0,0,0,0
3720150,0,0,0,0,0,0,0,0,0,0,0,0,0,0,0,0,1,0
104169,0,0,0,0,0,0,0,0,0,0,0,0,0,0,0,2,2,1
99945,0,0,0,0,1,0,2,0,0,0,0,2,0,0,1,1,1,0
4343288,1,0,0,0,0,0,0,0,0,0,0,0,0,0,0,0,0,0
4427338,0,0,0,0,0,1,0,1,0,1,0,0,0,0,0,0,0,0
4332893,0,1,2,0,1,0,0,0,0,0,3,1,0,0,0,0,1,1
4398626,0,0,0,0,0,1,0,1,0,1,0,0,0,0,0,0,0,0
1594828,0,0,0,0,0,0,0,0,0,0,0,0,0,0,1,0,0,0
4338067,0,0,0,0,0,0,0,0,0,0,0,0,0,1,3,0,0,0
4001495,0,0,0,0,0,0,0,0,0,0,0,0,0,0,1,0,0,0
718321,0,0,0,0,0,0,0,0,0,0,0,0,0,0,0,1,0,0
4041989,0,1,0,0,0,0,0,0,0,0,0,0,0,0,0,0,1,1
3313618,0,1,1,0,0,0,0,0,0,0,0,0,0,0,0,0,0,0
4373984,0,0,0,0,0,0,1,0,0,0,0,0,0,0,0,0,0,0
244729,0,0,0,0,0,1,0,0,1,0,0,0,1,0,0,0,0,0
4472116,1,0,0,0,0,0,0,0,0,0,0,0,0,0,0,0,0,0
4354934,0,0,0,0,0,0,0,0,1,0,0,0,0,0,0,0,0,0
1732160,0,0,0,0,0,0,0,0,0,0,0,0,0,0,1,0,0,0
1732164,1,2,3,0,0,0,0,0,0,0,0,0,0,1,0,1,1,1
4463237,0,0,0,0,0,0,0,0,0,0,0,0,0,0,0,1,0,0
4429918,0,0,0,0,0,0,0,0,0,0,0,0,0,0,0,2,1,0
317124,0,0,0,0,0,0,0,0,0,0,0,0,0,0,0,1,0,0
1959084,0,4,1,0,0,0,1,0,0,0,1,3,0,0,0,1,1,2
3771031,0,0,0,1,0,0,0,0,0,0,0,0,0,0,0,1,0,0
4412482,0,2,2,1,0,2,4,1,0,0,1,1,0,1,0,0,0,0
3771037,0,0,0,0,1,0,0,0,0,0,0,0,0,0,0,0,0,0
4351791,0,0,0,0,0,0,0,0,0,0,1,1,0,0,0,0,0,0
4403333,0,1,0,0,1,1,0,1,2,2,0,0,3,0,0,0,0,0
4388746,0,0,0,2,0,0,0,0,0,0,0,0,0,0,0,0,0,0
3784011,0,0,0,0,3,0,0,0,0,1,0,0,0,0,0,0,0,0
4349838,0,0,0,0,0,1,0,0,0,0,0,0,0,0,0,0,0,0
987863,0,0,0,0,0,0,0,0,0,0,0,0,0,0,1,0,0,0
4449120,5,1,1,1,5,8,11,5,1,2,3,2,9,0,2,2,1,0
4443130,0,0,0,3,0,0,3,0,1,2,0,3,0,1,0,0,1,3
4481081,0,0,0,0,0,11,13,3,0,2,0,0,2,0,0,0,0,0
4474822,0,0,0,1,0,0,0,0,0,0,0,0,1,0,0,0,0,0
4465948,1,0,0,0,0,0,0,0,0,0,0,0,0,0,0,1,0,0
1695945,0,1,0,2,1,0,0,3,4,4,1,2,0,1,0,1,0,0
2120343,0,0,0,0,0,0,0,0,0,1,0,0,0,0,0,0,0,0
102131,0,0,0,0,0,0,0,0,0,0,1,1,0,0,0,0,0,0
2159620,0,0,0,0,0,1,1,0,0,0,0,0,0,0,0,0,0,0
3910494,0,3,0,0,0,0,0,0,0,0,0,0,0,2,0,1,3,2
3201085,0,0,0,0,0,1,0,9,17,6,0,0,13,0,0,0,0,0
4450383,0,7,1,14,9,22,9,17,5,1,10,13,13,1,2,0,3,1
3825887,0,0,2,0,0,0,0,0,0,0,0,0,0,0,0,0,0,0
4426978,0,0,0,0,0,0,0,0,0,1,0,0,0,0,0,0,0,0
3569524,0,0,0,1,0,1,1,0,0,0,0,2,0,4,0,0,0,2
2900334,0,0,0,0,0,1,2,2,0,0,0,0,3,0,0,0,0,0
4329811,2,2,0,5,10,13,14,11,14,15,3,9,9,1,2,1,1,2
621042,0,0,0,0,0,0,0,0,0,0,0,0,0,2,0,1,1,0
1852674,0,0,0,0,0,0,0,0,0,0,0,0,0,0,1,0,0,0
1656585,0,1,0,0,0,0,0,0,0,0,0,1,0,0,0,0,0,0
4466578,0,0,0,3,0,0,0,0,0,0,0,0,0,0,0,0,0,0
2609407,3,0,0,0,0,0,0,0,0,0,0,0,0,0,4,0,0,0
1665042,2,0,0,0,0,1,0,0,0,0,0,0,0,2,3,1,0,0
2979060,0,1,2,2,1,2,2,2,0,2,3,1,0,0,0,1,1,0
4398752,0,1,0,0,0,0,0,0,0,0,0,0,0,0,0,0,0,0
246537,0,0,0,0,0,0,0,0,0,0,0,0,1,0,0,0,0,0
4472907,0,0,0,0,0,0,0,0,0,0,0,0,1,0,0,0,0,0
4082929,1,0,0,0,0,0,0,0,0,0,0,0,0,0,0,0,0,0
3829089,0,0,1,0,0,0,0,0,0,0,0,0,0,0,0,0,0,0
4082925,1,2,1,0,0,0,0,0,0,0,0,0,0,2,1,3,3,0
4484137,0,0,0,0,0,0,0,0,0,0,0,0,0,5,3,0,0,0
4439248,0,0,0,0,0,0,1,0,0,0,0,0,0,0,0,0,0,0
4380781,0,0,0,3,2,1,2,1,0,0,0,4,0,0,0,0,0,0
4452537,0,0,0,0,0,0,0,0,0,0,0,0,0,0,0,0,2,0
4238419,0,0,0,0,0,1,0,0,0,0,0,0,0,0,0,0,0,0
4350132,0,0,0,0,0,0,0,0,0,0,0,0,0,0,0,0,0,1
4416656,0,0,1,1,0,0,2,1,0,0,2,0,0,0,0,0,0,0
2643707,0,4,2,5,0,35,24,1,6,4,0,0,1,0,0,0,0,0
1701267,0,0,0,1,0,0,0,0,0,0,0,0,0,0,0,0,0,0
4418364,0,11,12,8,6,0,2,0,0,0,8,11,0,0,0,0,1,2
2609531,0,0,0,0,0,3,0,0,0,0,0,0,0,0,0,0,0,0
4394859,0,0,0,0,0,0,0,0,0,0,0,0,0,0,0,1,0,0
245662,0,2,0,1,0,2,4,5,2,2,1,2,2,0,0,0,0,0
3967377,0,0,0,0,2,0,0,0,3,0,1,0,1,0,0,0,0,0
4354328,0,0,1,0,1,0,0,0,0,0,0,1,0,0,0,0,1,0
217239,1,0,0,0,0,0,0,0,1,0,0,0,0,2,1,0,1,0
3334508,1,1,0,0,0,0,0,0,0,0,0,0,0,0,0,0,0,0
4376943,1,0,0,0,0,0,0,0,0,0,0,0,0,0,1,4,0,0
2004420,0,0,2,6,4,4,9,3,10,2,8,4,1,1,0,0,0,0
2409903,0,1,2,0,0,1,0,0,0,0,0,0,0,1,2,1,0,1
159513,0,4,1,1,2,1,0,0,0,0,1,3,0,0,0,0,0,1
1885620,0,0,1,0,0,0,0,0,0,0,0,0,0,1,0,0,0,0
4464628,0,0,0,0,0,2,0,0,0,0,0,0,0,0,0,0,0,0
4361696,0,6,0,14,10,11,8,4,6,4,7,3,5,1,0,1,0,0
4394036,0,0,0,0,0,0,1,2,0,0,0,0,0,0,0,0,0,0
239971,0,0,0,5,3,3,2,6,5,0,1,5,2,0,0,0,0,0
4334814,0,1,0,0,0,1,0,0,1,1,0,0,0,0,0,0,0,0
245599,0,0,0,0,1,0,0,0,0,0,0,1,0,0,0,0,0,1
4381169,0,0,0,0,0,0,0,2,0,0,0,0,0,0,0,0,0,0
4151820,0,1,0,1,1,0,0,1,1,0,0,0,1,0,0,0,0,0
4129453,0,0,0,0,0,0,0,0,0,0,0,0,0,0,0,0,1,0
3507733,0,0,0,0,0,0,0,0,0,0,0,0,0,1,0,0,0,0
4401317,0,0,0,0,0,0,0,0,0,0,0,0,0,0,1,0,0,0
3892695,0,1,0,1,0,0,0,0,0,0,0,0,0,0,0,0,0,1
239375,3,0,0,0,0,0,0,0,0,0,0,0,0,0,1,2,0,0
253758,0,0,0,0,0,0,0,1,0,0,0,0,0,0,0,0,0,0
2898369,0,0,0,0,0,0,0,0,0,1,0,0,0,0,0,0,4,0
159203,0,0,1,0,0,0,0,0,0,0,0,0,0,0,0,0,0,0
4454063,0,0,0,0,0,0,0,0,0,0,0,0,0,1,0,0,0,0
4036170,0,0,0,0,0,0,0,0,0,0,0,0,0,0,0,0,0,2
3844699,2,0,0,0,0,0,0,0,0,0,0,0,0,0,4,0,0,0
4447637,1,2,0,2,1,0,1,1,0,2,1,2,1,0,0,0,1,0
4400687,0,0,0,0,0,0,0,0,0,0,0,0,0,0,0,0,1,0
4197191,0,0,3,1,3,0,1,0,0,0,2,2,0,1,1,0,0,0
2686337,0,0,0,0,0,0,0,0,0,0,0,0,0,1,0,0,0,0
4338817,0,13,1,1,0,3,0,0,0,0,0,0,0,0,0,0,0,0
4331526,0,3,1,2,2,1,1,0,0,0,0,1,0,0,0,0,0,0
4325623,0,0,0,0,0,0,0,0,1,0,0,0,0,0,0,0,0,0
3092716,0,0,0,0,0,0,1,0,0,0,2,0,0,0,0,0,0,0
4355892,2,2,1,0,0,0,0,0,0,0,0,0,0,17,2,27,29,28
2685825,0,0,0,0,0,0,1,0,0,0,0,1,0,0,0,0,0,0
3758319,0,0,1,0,0,0,0,0,0,0,0,0,0,0,0,0,0,0
1704041,0,0,0,0,1,0,0,0,0,0,0,1,0,0,0,0,0,0
4253568,2,0,0,0,0,0,0,0,0,0,0,0,0,6,2,10,9,17
1793903,1,0,0,0,0,0,0,0,0,0,0,0,0,0,0,0,0,0
4427763,0,0,0,0,0,0,0,0,0,0,0,0,0,1,0,0,0,0
2805362,4,0,1,0,0,0,0,0,0,0,0,0,0,1,1,0,1,0
4427767,1,0,0,0,0,0,0,0,0,0,0,0,0,0,0,0,1,0
2462791,0,0,0,0,0,0,0,0,0,1,0,0,0,0,0,0,0,0
4399124,0,0,0,0,0,2,1,2,0,0,0,0,0,0,0,1,0,0
3358423,1,5,8,11,10,21,20,2,0,0,10,11,1,9,2,3,2,6
2539038,0,0,0,0,0,0,0,0,3,2,0,0,0,0,0,0,0,0
4387376,0,0,0,1,1,3,2,0,2,0,0,0,0,0,0,0,0,0
4399017,0,0,0,1,0,0,1,0,0,0,0,0,0,0,0,0,0,0
4378804,20,27,24,0,0,0,0,0,0,0,0,0,0,6,10,4,14,19
4460622,0,0,0,0,0,0,0,0,1,2,0,0,0,0,0,0,0,0
2292385,0,0,0,0,0,0,0,0,0,0,0,0,0,1,1,1,0,0
4404765,2,0,0,0,0,1,1,0,0,0,0,0,1,4,0,5,4,4
4073479,0,0,0,0,0,0,0,0,0,0,0,0,0,0,0,1,1,0
3991581,0,0,0,0,0,0,0,0,0,0,0,0,0,1,0,0,2,4
4335143,3,1,1,0,0,0,0,0,0,0,0,0,0,4,7,8,1,0
4395156,0,1,0,1,0,0,0,0,0,0,0,0,0,10,0,3,0,2
3761184,0,0,0,0,0,0,0,0,0,0,0,0,0,0,0,0,0,1
4408108,1,0,0,0,0,0,1,0,0,0,0,0,0,0,3,0,0,0
4357487,0,0,0,0,0,0,0,0,0,0,0,0,0,1,2,1,0,0
536678,0,0,0,0,0,0,0,0,0,0,0,0,0,0,1,0,0,0
3154123,0,0,0,0,0,0,0,0,0,0,0,0,0,0,1,0,0,0
4482457,1,3,1,0,0,1,0,0,0,0,0,0,0,0,1,1,1,0
4411344,0,0,0,0,0,0,0,0,0,0,1,0,0,0,0,0,0,0
4392874,0,0,0,0,0,0,0,0,0,0,0,0,0,0,2,0,0,0
4398292,22,1,1,0,0,2,0,0,0,0,0,0,0,18,23,23,5,6
241845,0,0,0,0,0,0,0,0,0,0,0,0,0,0,0,2,0,0
4374421,0,0,0,0,0,0,0,0,0,1,0,0,3,0,0,0,0,0
236658,0,8,5,4,8,3,6,2,3,0,2,7,0,0,0,0,1,2
350845,0,0,0,0,0,0,0,0,0,0,0,0,0,0,0,1,0,1
254697,0,4,4,0,1,0,3,0,0,0,0,2,0,3,0,0,4,1
4340354,0,0,0,1,0,1,3,4,5,2,4,0,0,0,0,0,0,0
4025366,2,0,0,0,0,0,0,0,0,0,0,0,0,0,0,0,0,0
4344660,0,0,0,0,0,0,0,0,1,0,0,0,0,0,0,0,0,0
4447198,0,2,1,0,0,0,0,0,0,0,1,0,0,1,0,7,27,19
248966,0,1,0,0,0,0,0,3,1,0,0,0,0,0,0,0,0,0
4053303,0,1,0,1,0,1,0,0,0,0,0,0,0,0,0,0,0,1
249586,0,0,0,0,0,1,0,3,0,1,0,0,4,0,0,0,0,0
4394040,0,1,0,0,0,0,0,0,0,0,0,0,0,0,0,0,1,0
4329829,0,3,5,2,0,2,2,0,0,0,0,1,0,0,0,0,2,1
4466565,1,0,0,0,0,0,0,0,0,0,0,0,0,0,0,0,0,0
3059022,0,0,0,0,1,0,0,0,2,1,0,0,0,0,0,0,0,0
4409431,0,1,0,0,0,0,0,0,0,0,0,0,0,1,4,3,0,0
39534,17,0,0,0,0,0,0,0,0,0,0,0,0,2,15,2,0,0
2939637,0,0,0,0,0,0,0,0,0,0,0,0,0,0,0,1,3,4
4086932,0,0,0,0,0,0,0,0,0,0,0,0,0,0,0,1,1,1
3978720,0,0,0,0,0,0,0,0,0,0,0,0,0,0,1,0,0,0
4354131,0,0,0,0,0,0,0,0,0,0,0,0,0,2,0,0,0,0
720379,0,0,0,0,0,0,0,0,0,0,0,0,0,0,1,0,0,0
3993180,1,0,0,0,0,0,0,0,0,0,0,0,0,0,0,0,0,0
4024143,0,0,0,0,0,0,0,0,0,0,0,1,0,0,0,0,0,0
3362404,1,0,0,0,0,0,0,0,0,0,0,0,0,0,2,0,0,1
4416461,0,0,2,0,0,0,0,2,0,1,1,0,0,0,0,0,0,0
3362400,2,2,4,0,1,0,0,1,0,0,0,1,0,3,3,4,0,3
4023422,6,0,0,0,0,0,0,0,0,0,0,0,0,1,2,0,0,0
4453908,1,0,0,0,0,0,0,0,0,0,0,0,0,3,1,1,0,1
4480100,0,0,2,1,0,0,0,0,1,0,2,0,0,0,0,0,0,0
4397764,0,0,0,0,0,0,0,0,0,0,0,0,0,0,1,0,0,0
1007599,1,0,0,0,0,0,0,0,0,0,0,0,0,0,0,0,0,0
3658755,0,0,0,0,0,0,0,0,0,0,0,0,0,0,1,0,0,0
4442050,2,12,8,15,21,34,18,1,0,0,13,20,1,6,0,3,1,2
3222157,0,0,0,0,0,0,0,0,0,2,0,0,0,0,0,0,0,0
3586851,1,6,12,3,8,4,7,0,0,0,3,1,1,1,0,0,0,4
4405394,0,0,0,0,0,1,0,0,0,0,0,0,0,0,0,0,0,0
2625561,0,0,0,0,0,0,0,0,0,0,0,0,0,1,0,0,0,0
4413056,0,0,0,1,0,0,1,0,0,0,0,0,0,0,0,0,0,0
4118088,0,0,0,0,0,0,0,0,0,0,0,0,0,0,1,0,1,0
4247335,0,0,2,0,0,0,0,0,0,0,0,0,0,0,0,0,0,0
255981,2,0,0,0,0,0,0,0,0,0,0,0,0,0,1,0,0,0
4373677,0,0,0,3,0,0,6,0,0,0,3,0,0,0,0,0,0,0
4468788,11,0,0,0,0,0,0,0,0,0,0,0,0,15,8,14,10,4
4464633,0,0,0,0,0,0,0,0,0,0,0,0,0,0,0,1,0,0
2879608,0,0,0,0,0,1,0,1,1,4,0,0,0,0,0,0,0,0
4299648,0,0,0,0,0,0,0,0,0,0,0,0,0,0,1,0,1,0
4353245,0,0,0,0,0,1,0,0,0,0,0,0,0,0,0,0,0,1
4341028,0,0,0,0,0,0,0,0,0,0,1,0,0,0,0,0,0,0
3832800,0,2,1,2,0,3,3,2,1,0,2,1,0,1,0,0,2,0
4341025,0,1,0,0,0,0,0,0,0,0,0,0,0,0,0,3,2,0
2441816,0,0,0,0,0,1,0,0,0,0,0,0,0,0,0,0,0,0
4452470,0,0,2,0,0,0,1,0,0,0,0,0,1,0,2,0,1,0
2021407,0,1,3,2,0,1,0,0,0,0,1,0,0,10,0,11,17,10
4479281,0,1,2,0,0,0,2,0,0,0,1,0,0,0,0,0,0,0
4479821,0,0,0,0,0,0,0,0,0,0,0,0,0,1,0,0,6,3
3841378,3,0,0,0,0,0,0,0,0,0,0,0,0,0,2,0,0,0
239362,0,0,0,0,0,0,0,0,0,0,0,0,0,0,2,0,0,0
5822,0,0,0,0,0,1,0,0,0,0,0,0,0,0,0,0,0,0
253744,1,0,0,0,0,0,0,0,0,0,0,0,0,0,0,0,0,0
2891104,0,0,1,0,0,0,0,0,0,0,0,0,0,0,0,0,0,0
4353661,0,0,0,0,0,0,0,0,0,0,0,0,0,0,1,0,0,0
4353117,0,0,2,0,0,0,0,0,0,0,1,0,0,0,0,0,0,1
4441581,0,0,0,2,1,3,1,2,2,2,1,0,3,0,0,0,0,0
4455895,1,0,0,0,0,0,0,0,0,0,0,0,0,0,0,0,0,0
2598591,0,0,0,0,0,0,0,1,0,0,0,0,0,0,0,0,0,0
247961,1,0,0,1,4,2,0,5,2,2,1,2,2,0,0,0,0,0
4408354,0,0,0,0,0,0,0,0,0,0,0,0,0,0,0,0,0,1
2524373,0,0,0,0,0,0,0,0,0,0,1,0,0,0,0,0,0,0
4359753,0,0,0,0,0,0,0,0,1,0,0,0,0,0,0,0,0,0
4437966,0,1,0,0,0,0,0,0,0,0,0,0,0,0,0,0,0,0
4437964,0,1,1,0,3,4,4,0,2,1,0,2,0,1,0,0,0,2
2756048,0,0,0,0,0,0,0,0,0,0,0,0,0,0,1,1,0,0
3856485,0,3,0,0,0,2,0,1,0,0,0,0,0,0,0,0,0,0
4379859,1,3,3,1,0,1,2,0,1,2,2,5,1,2,0,4,1,2
3471159,1,0,1,1,0,0,0,0,0,0,1,0,0,0,0,4,1,5
4339024,0,0,1,0,0,0,0,0,0,0,0,0,0,0,0,0,0,0
3343463,0,0,0,0,0,0,0,0,0,0,0,0,0,0,0,1,0,0
369953,0,0,0,0,0,0,0,0,0,0,0,0,0,0,1,0,0,0
3180137,1,1,2,0,1,1,0,0,2,4,0,0,0,0,0,0,0,0
1778842,0,0,0,0,0,0,1,0,0,0,0,0,1,0,0,0,0,0
3885653,1,0,0,0,0,0,0,0,0,0,0,0,0,0,2,0,0,0
2887026,0,0,0,0,0,1,1,1,4,2,0,1,2,0,0,0,0,0
3484135,0,0,0,0,0,0,0,0,0,0,0,0,0,0,0,1,0,1
2696722,0,0,0,0,0,0,1,0,0,0,0,0,0,0,0,0,0,0
4422788,0,0,0,0,0,0,0,0,0,1,0,0,0,0,0,0,0,0
4388118,3,4,3,0,3,0,2,0,0,0,2,0,0,0,6,3,0,3
1693402,0,1,0,0,0,0,0,0,0,0,0,0,0,0,0,0,0,0
4378264,0,1,0,0,0,2,1,1,2,3,1,1,0,0,0,0,0,0
2016519,0,0,0,0,0,0,0,0,0,0,0,0,0,3,0,0,0,1
4471530,0,8,4,13,14,4,8,2,0,0,7,10,0,4,1,7,16,18
1819997,0,0,1,0,0,1,0,0,1,0,0,0,0,0,0,0,0,0
4448256,0,0,0,0,0,0,0,0,0,0,0,0,0,0,0,0,0,1
3128223,0,0,0,0,0,0,1,0,0,0,0,0,0,0,0,0,0,0
135282,0,0,0,0,1,0,0,0,0,0,0,0,0,0,0,0,0,0
984260,1,0,0,0,0,0,0,0,0,0,0,0,0,0,0,0,0,0
139639,0,0,0,0,0,0,0,0,0,0,0,0,0,0,0,1,0,1
4343401,0,2,0,0,0,0,0,0,0,0,0,0,0,0,0,0,0,0
4352197,0,0,0,0,0,0,0,0,0,0,0,0,1,0,0,0,0,0
2215097,1,0,0,0,0,0,0,0,0,0,0,1,0,0,0,0,0,0
254570,0,1,0,0,0,0,0,1,1,1,0,0,1,2,2,1,1,1
4425478,0,1,0,0,0,0,0,0,0,0,0,0,0,0,2,0,0,0
4332653,0,0,1,0,2,0,0,0,0,0,0,1,0,1,0,1,7,1
4159870,3,2,1,0,0,0,0,0,0,0,0,0,0,1,5,1,0,3
4034476,0,0,0,0,0,0,2,0,6,3,0,0,0,0,0,0,0,0
4329637,0,0,0,1,0,0,0,0,0,0,0,0,0,0,0,0,0,0
4455250,0,0,0,0,0,0,0,0,0,0,0,0,0,0,0,1,0,0
2512064,7,0,1,0,3,0,0,5,1,0,4,3,4,4,3,3,4,4
1833396,0,0,0,0,0,1,1,0,0,0,0,0,0,0,0,0,1,0
4422875,18,0,0,0,0,0,0,1,0,0,0,0,0,2,16,5,0,0
4368401,0,0,0,0,0,0,0,0,0,0,2,0,0,0,0,0,0,0
2969615,0,2,1,0,0,0,0,2,1,2,0,0,2,0,0,0,0,0
202318,0,4,1,0,0,0,0,0,0,0,0,3,0,0,0,0,0,0
2152700,18,0,0,0,0,0,1,0,0,0,0,0,0,5,9,1,2,3
4459359,4,9,8,0,2,0,0,0,0,0,2,1,0,3,2,3,5,1
2524782,0,0,0,0,0,0,0,0,0,0,0,0,0,0,1,0,1,1
1127675,1,0,0,0,0,0,0,0,0,0,0,0,0,0,0,0,0,0
2968587,0,0,0,0,0,0,1,0,2,2,0,0,0,0,0,0,0,0
2604702,0,0,0,0,0,0,0,0,0,0,1,1,0,0,0,0,0,0
4467171,0,0,0,0,0,0,0,0,1,0,0,0,0,0,0,0,0,0
3018722,0,0,0,1,0,1,0,0,0,0,0,0,0,0,0,0,0,0
162958,0,0,0,0,0,0,0,1,0,0,0,0,1,0,0,0,0,0
4390352,0,1,0,0,0,0,0,0,0,0,0,0,0,0,0,0,0,0
4434451,0,0,0,0,0,0,0,0,0,0,0,0,0,0,0,0,2,0
4380962,0,0,0,2,0,4,5,17,11,6,4,2,13,0,0,0,1,1
4425293,0,6,4,0,0,0,0,0,0,0,0,0,0,1,0,0,2,1
4457147,0,0,0,0,0,0,0,0,0,0,0,0,0,0,0,1,0,0
4362927,0,0,0,0,0,0,0,0,0,0,0,0,0,1,0,0,0,0
3213684,0,0,1,0,0,0,0,2,0,0,0,0,0,0,0,1,0,1
4375657,0,2,3,6,1,5,2,36,15,24,4,2,29,0,0,0,1,1
4184652,1,0,0,0,0,0,0,0,0,0,0,0,0,1,4,0,1,0
4351754,0,0,0,0,0,0,0,1,0,0,0,0,1,0,0,0,0,0
4360632,0,0,0,1,1,0,1,2,2,2,2,0,1,2,0,1,0,1
4462307,0,0,0,0,0,1,0,0,0,0,0,0,0,0,0,0,0,0
4438316,0,2,1,0,0,0,0,0,0,0,0,0,0,0,0,0,0,1
1596671,0,0,1,0,0,0,0,0,0,0,0,0,0,0,0,1,0,0
243609,0,0,2,4,10,4,8,3,4,1,0,3,8,0,0,0,0,0
4397778,1,0,0,0,0,0,0,0,0,0,0,0,0,0,0,0,0,1
4357361,0,0,0,0,0,0,0,0,0,0,0,0,0,1,0,0,0,0
4421551,2,0,0,0,0,0,0,0,0,0,0,0,0,0,1,0,0,0
4385089,0,0,0,0,0,0,0,0,0,0,0,0,0,1,1,0,1,0
4391768,0,0,0,0,0,0,0,0,0,0,0,0,0,2,0,0,0,0
4336333,0,1,0,1,0,1,2,0,0,0,0,0,0,3,1,6,6,6
4434850,0,0,0,0,0,0,0,0,0,0,0,0,0,2,0,0,0,0
2629395,1,0,0,0,0,0,0,0,0,0,0,0,0,2,3,0,0,0
3897233,2,0,0,0,0,0,0,0,0,0,0,0,0,0,0,0,0,0
161191,1,0,0,0,0,0,0,0,0,0,0,0,0,0,0,0,0,0
4478013,0,9,3,3,0,0,0,0,0,0,2,1,0,4,0,3,6,5
4478011,2,0,0,0,0,0,0,0,0,0,0,0,0,0,0,2,0,0
4021925,0,0,0,0,0,0,0,0,1,0,0,0,0,0,0,0,0,0
4465046,0,0,0,0,0,0,0,0,3,2,0,0,4,0,0,0,0,0
1557654,0,0,0,0,0,0,0,1,0,0,0,0,0,0,0,0,0,0
4416037,1,0,0,0,0,0,0,0,0,0,1,0,0,1,0,1,1,1
4301659,0,0,0,0,0,0,0,0,0,0,0,0,0,0,0,0,2,0
2880587,0,0,0,0,0,0,0,0,0,0,0,0,0,0,0,0,1,2
2754686,4,1,1,0,0,0,0,0,0,0,0,0,0,6,9,2,3,0
238794,0,0,0,0,0,0,1,0,0,0,0,0,2,0,0,0,0,0
4178984,0,2,1,0,0,0,0,0,0,0,0,0,0,0,0,0,1,0
3564093,0,0,0,0,0,0,1,0,1,0,0,0,3,0,0,0,0,0
87473,1,0,0,0,0,0,0,0,0,0,0,0,0,0,0,0,0,0
199930,0,0,1,0,1,0,1,0,0,0,0,2,0,1,0,0,0,0
1638571,0,0,0,3,0,1,0,0,1,2,0,1,1,0,0,0,0,0
4375841,0,2,2,0,2,0,0,0,0,0,0,0,0,0,0,1,1,1
4477571,0,5,6,0,1,0,0,0,0,0,2,0,0,5,2,3,11,4
2034262,0,0,0,0,1,1,5,1,0,0,4,2,2,0,0,0,0,0
4381182,0,0,0,0,0,1,1,1,78,95,0,0,1,0,0,0,0,0
105940,0,0,0,0,0,0,0,0,0,0,0,0,0,1,0,0,0,0
4377016,1,0,0,0,0,0,0,0,0,0,0,0,0,1,0,1,0,0
4354606,0,0,0,0,0,1,1,1,1,0,1,0,3,0,0,0,0,0
2221514,0,1,0,0,0,0,0,0,0,0,0,1,0,0,0,0,0,0
3344026,0,0,0,0,0,1,1,0,1,0,0,0,1,0,0,0,2,0
245736,0,0,0,0,0,0,0,0,0,1,0,0,0,0,0,0,0,0
4377019,1,2,0,0,0,0,0,0,0,0,0,0,0,2,0,7,7,7
4356691,0,0,0,0,0,0,0,0,0,0,0,0,0,0,0,0,1,0
4444657,0,0,0,0,0,0,0,1,0,0,0,0,0,0,0,0,0,0
4356696,0,0,0,0,0,0,0,0,0,0,0,0,0,0,0,0,0,3
2505892,0,0,0,0,0,0,0,0,0,0,0,0,0,0,0,1,0,0
241617,0,0,1,0,0,1,0,1,0,1,0,1,3,0,0,0,0,0
266510,1,0,0,0,0,0,0,0,0,0,0,0,0,0,0,0,0,0
2938373,0,0,1,0,0,0,0,0,0,0,0,0,0,0,0,0,0,0
4436376,0,0,0,2,0,1,0,0,2,3,0,0,3,0,0,0,0,0
811846,0,0,0,0,0,0,0,0,0,0,0,0,0,0,1,0,0,0
4417508,0,0,0,1,0,1,0,2,1,1,3,1,0,0,0,0,0,0
4413883,0,1,0,0,0,3,0,0,0,0,0,0,0,0,0,0,0,0
3976249,0,13,20,8,6,0,7,3,2,0,11,5,2,0,0,0,5,0
4375447,0,0,0,0,0,2,3,2,3,2,0,2,0,0,3,0,0,0
1133373,2,0,0,0,0,0,0,0,0,0,0,0,0,0,2,0,0,0
4433972,0,0,0,0,0,0,0,0,0,0,0,0,0,1,2,0,0,0
4326182,0,4,0,0,0,0,0,0,0,0,0,0,0,0,0,0,1,0
4406763,1,0,0,0,0,0,0,0,0,0,0,0,0,0,0,0,0,0
4354478,0,0,1,0,0,2,0,0,2,1,0,0,0,0,0,1,1,3
4387772,0,1,2,0,0,0,0,1,0,0,1,1,1,1,0,0,1,0
3453734,0,0,0,0,0,0,0,0,0,0,0,0,0,0,2,0,0,0
4441594,0,1,0,0,0,0,0,0,0,0,2,0,0,0,0,2,0,1
4470490,0,0,0,0,0,0,1,0,1,0,0,0,0,0,0,0,0,0
4128525,0,0,0,0,0,0,0,0,0,0,0,0,0,0,0,1,0,0
2439148,0,0,1,0,0,0,0,0,0,0,0,0,0,0,0,0,0,0
4444251,0,0,0,1,0,0,0,0,0,0,0,0,0,0,0,0,0,0
4378720,0,0,0,0,0,0,0,0,0,0,1,0,1,0,0,0,0,0
3748306,0,0,0,0,0,0,0,0,0,0,0,0,0,0,1,0,0,0
4279681,0,1,0,5,1,3,1,1,4,5,1,3,3,0,0,0,0,1
4378896,0,6,1,2,0,0,1,1,1,1,8,4,1,1,0,0,2,2
4382184,0,0,0,1,0,0,0,0,0,0,0,0,0,0,0,0,0,0
4379387,0,0,0,0,0,0,0,0,0,0,0,0,0,0,1,0,0,0
806092,1,0,0,0,0,0,0,0,0,0,0,0,0,0,0,0,0,0
4437350,3,0,0,0,0,0,0,0,0,0,0,0,0,0,5,0,0,0
4384477,0,0,0,0,0,0,0,0,0,0,0,0,0,1,0,0,1,0
3321857,0,1,1,0,0,0,0,0,0,0,1,3,0,0,0,0,0,0
4325519,1,0,0,0,0,0,0,0,0,0,0,0,0,0,0,0,0,0
3707118,0,0,0,0,0,0,0,0,0,0,0,0,0,0,0,0,0,1
2524784,0,0,0,0,0,0,0,0,0,0,0,0,0,1,1,0,0,0
4460310,0,0,0,0,0,0,0,0,0,0,0,0,1,0,0,0,0,0
345335,0,0,0,0,0,0,0,0,0,0,0,0,0,0,1,0,0,0
254216,0,0,0,0,0,0,0,0,0,0,0,0,0,0,0,1,0,0
4365466,0,0,0,0,0,0,1,0,0,0,1,1,0,0,0,0,0,0
3374785,1,0,0,0,0,4,1,0,0,0,0,0,0,0,0,2,2,1
4121272,0,2,2,2,2,6,2,2,0,0,1,1,0,3,0,3,2,2
4269488,0,1,1,0,0,0,0,0,0,0,0,0,0,0,0,0,1,0
4398342,2,1,0,0,0,0,0,0,0,0,0,0,0,5,1,8,7,10
2882509,0,0,0,0,0,0,0,0,0,0,0,0,0,0,0,0,0,1
4430561,2,0,0,0,0,0,0,0,0,0,0,0,0,0,1,0,0,0
2224034,10,0,0,0,0,0,0,0,0,0,0,0,0,2,13,0,0,0
1033571,1,0,0,0,0,0,0,0,0,0,0,0,0,0,2,0,0,0
3548595,0,0,0,0,0,0,0,0,0,0,0,0,0,0,1,0,0,0
4482219,0,4,5,1,1,0,0,0,0,0,0,0,0,1,0,0,4,3
4052652,0,0,0,0,0,0,0,0,0,0,1,0,0,0,0,0,0,0
3549337,0,0,0,0,0,0,0,1,0,0,0,0,0,0,0,0,0,0
4457829,1,0,0,0,0,0,0,0,0,0,0,0,0,0,0,0,0,0
4456805,0,1,1,0,0,0,0,0,0,0,2,0,0,0,0,0,1,2
254542,0,0,0,0,0,0,0,0,0,0,0,2,0,0,0,0,0,0
4482432,1,0,0,0,0,0,0,0,0,0,0,1,0,0,1,0,0,0
203417,0,3,0,0,0,0,0,2,0,0,0,0,0,0,0,0,0,0
537493,0,0,0,0,0,0,0,0,0,0,0,0,0,0,1,0,0,0
4399361,0,1,0,4,0,0,1,1,1,1,3,1,0,0,0,0,0,1
1756644,0,0,0,0,0,1,0,1,1,0,0,0,0,0,0,0,0,0
4438414,4,1,3,0,1,5,5,2,2,3,2,1,2,0,2,0,2,1
4337896,0,0,0,0,0,0,0,0,0,0,0,0,1,0,0,0,0,0
4247767,0,0,0,2,0,0,0,0,0,0,0,0,0,0,0,0,0,0
2236940,0,0,0,0,0,0,0,0,0,0,0,0,0,1,1,0,1,0
4356220,0,0,0,2,0,0,0,1,0,0,0,1,0,0,0,0,0,0
4371434,1,0,0,0,0,0,0,0,0,0,0,0,0,0,0,0,0,0
3174760,3,0,0,0,0,0,0,0,0,0,0,0,0,0,4,1,0,0
4365714,0,0,0,0,0,0,0,0,0,0,0,0,0,1,0,1,1,1
4337945,0,0,0,0,0,0,0,0,0,0,0,0,0,0,0,2,0,0
4483859,0,0,0,0,1,3,1,1,0,0,0,0,1,0,0,0,0,0
4328225,1,0,0,0,0,0,0,0,1,0,0,0,0,0,0,0,0,0
4398184,0,0,0,0,0,0,1,0,1,0,0,0,0,0,0,0,0,0
964235,1,0,0,0,0,0,0,0,0,0,0,0,0,0,0,0,0,0
2718033,1,0,0,0,0,0,0,0,0,0,0,0,0,1,0,0,0,0
202302,0,0,0,0,0,2,0,0,0,0,0,0,0,0,0,0,0,0
2146897,0,0,0,0,0,0,0,0,0,0,0,0,0,0,0,2,0,0
4258048,0,0,0,0,0,0,0,0,0,0,0,0,0,0,1,0,0,0
62480,0,0,0,0,0,0,0,0,0,0,0,0,1,0,0,0,0,0
4074888,0,1,0,0,0,0,0,0,0,0,0,0,0,0,0,0,0,0
236747,0,2,3,0,0,3,0,0,0,0,0,0,0,0,0,0,0,1
4469309,0,1,0,0,0,3,1,1,0,1,0,1,0,0,0,0,0,0
3120945,0,0,0,0,0,0,1,0,0,0,0,0,0,0,0,0,0,0
1132833,1,0,0,0,0,0,0,0,0,0,0,0,0,0,0,1,0,0
3141120,0,0,0,0,0,0,1,0,0,0,0,0,0,0,0,0,0,0
3920984,0,0,0,0,0,0,0,0,0,0,0,0,0,1,0,0,0,0
4397562,0,0,0,0,0,0,0,2,0,0,0,0,1,0,0,0,0,0
4408445,0,1,1,0,0,0,0,0,0,0,0,0,0,4,0,2,0,4
1529840,3,0,0,0,0,0,0,0,0,0,0,0,0,0,1,2,1,0
3749715,0,0,0,0,0,0,0,0,0,0,0,0,0,0,0,0,4,1
3033063,0,0,0,0,0,0,1,0,0,0,0,0,0,0,0,0,0,0
3348008,0,0,0,1,0,0,0,0,0,0,0,0,0,0,0,0,0,0
4332680,0,1,0,0,0,2,0,1,2,0,0,0,0,1,0,0,1,1
4480349,1,0,0,0,0,0,0,0,0,0,0,0,0,0,0,0,0,0
2436860,0,0,0,0,0,0,0,0,0,0,0,0,0,1,0,2,0,0
4462330,0,0,0,1,0,0,1,0,0,0,2,0,0,0,0,0,0,0
2726273,0,0,0,1,0,0,0,0,0,0,0,0,0,0,0,0,0,0
4415137,1,0,0,0,0,0,0,0,0,0,0,0,0,0,0,0,0,0
149505,1,1,1,0,0,0,0,0,0,0,0,0,0,0,0,0,0,0
3595946,0,0,0,0,0,0,0,0,0,0,0,0,0,0,1,0,0,0
3457597,0,0,0,0,0,0,0,0,0,0,0,0,0,0,0,0,0,2
4445042,0,0,0,0,0,0,0,0,0,0,0,0,0,0,1,0,1,0
4445047,0,9,16,70,47,42,35,20,10,11,71,53,16,1,0,0,1,3
4326576,0,1,5,2,0,0,0,0,0,0,0,0,0,0,0,0,0,0
1596680,1,0,0,0,0,0,0,0,0,0,0,0,0,0,0,0,0,0
1840342,0,0,0,2,0,0,0,0,0,0,2,0,0,0,0,0,0,0
3286008,0,0,0,0,0,0,0,0,0,1,0,0,0,0,0,0,0,1
2922585,1,0,0,0,0,0,0,0,0,0,0,0,0,0,0,0,0,0
1983328,0,1,2,0,0,0,0,0,0,0,0,0,0,0,0,0,0,0
4435463,0,0,0,0,0,0,0,1,0,0,0,0,0,0,0,0,0,0
4356519,0,0,0,0,0,0,0,0,0,0,0,0,0,1,0,1,0,0
4358490,2,0,0,0,0,0,0,0,0,0,0,0,0,0,1,1,0,0
238745,0,0,0,0,1,0,0,0,0,0,0,2,0,0,0,0,0,0
542707,0,0,0,0,0,0,0,0,0,0,0,0,0,1,0,0,0,0
4477563,0,0,0,0,0,0,0,0,0,0,0,0,0,0,1,0,0,0
4477569,0,0,0,0,0,0,0,0,0,0,0,0,0,1,0,0,0,0
3510823,0,0,0,0,0,0,0,0,0,0,0,0,2,0,0,0,0,0
2472107,0,0,0,0,1,1,0,0,0,1,0,1,0,0,0,0,0,0
4410997,2,0,0,0,0,0,0,0,0,0,0,0,0,0,0,0,0,0
4453727,0,0,0,0,0,0,0,0,0,1,0,0,0,0,0,0,0,0
4372633,0,0,0,0,0,0,0,0,0,0,0,0,0,0,0,0,1,1
4372637,0,16,10,5,6,3,3,0,0,0,4,12,1,3,0,1,4,10
159252,8,0,0,0,0,0,0,0,0,0,0,0,0,0,12,0,0,0
4350815,0,0,0,0,0,0,0,0,0,1,0,0,0,1,0,0,0,0
2952103,0,0,1,0,3,0,0,0,0,0,3,1,0,1,0,0,0,0
3621016,0,0,0,0,0,0,0,0,0,0,0,0,0,0,0,0,1,0
257006,0,0,0,0,1,0,0,0,0,0,0,0,0,0,0,1,0,1
3701446,8,0,1,0,0,0,0,0,0,0,0,0,0,4,4,6,2,1
2104713,0,0,0,0,0,1,1,0,0,0,0,0,0,0,0,0,0,0
4312802,0,0,0,0,0,0,0,0,0,0,0,0,0,0,1,0,0,0
3478703,4,1,0,0,0,0,0,0,0,0,0,0,0,2,4,4,1,0
4445262,0,0,0,0,0,0,0,0,0,0,0,1,0,0,0,0,0,0
4479190,0,0,0,1,0,0,0,0,0,0,0,0,0,0,0,1,0,0
4475144,11,0,0,0,0,0,0,0,0,0,0,0,0,0,8,0,0,0
4373124,0,2,1,0,0,0,0,0,1,0,0,0,0,0,0,0,1,1
4376443,0,1,0,0,0,0,0,0,0,0,0,0,0,0,0,2,5,5
2004417,0,1,0,0,0,0,0,0,0,0,0,2,0,0,0,0,0,0
4386366,0,0,0,0,0,0,0,0,0,0,0,0,0,0,0,1,0,0
4378661,0,3,1,0,1,2,2,0,0,0,0,1,0,0,0,0,0,0
4441560,0,0,0,0,0,1,1,0,0,0,0,0,0,0,0,0,0,0
3765141,0,3,1,3,2,9,6,4,9,11,0,1,1,0,0,0,0,0
4432031,0,3,0,0,0,0,0,0,0,0,0,0,0,0,0,0,0,1
4441161,0,0,0,0,0,0,0,0,0,0,0,0,0,1,0,0,0,0
4371382,0,0,0,1,0,1,0,0,0,0,0,0,0,0,0,0,0,0
1636070,0,0,0,0,0,1,0,0,0,0,0,0,0,0,0,0,0,0
3201759,0,0,0,4,0,0,0,0,0,0,1,0,0,0,0,0,0,0
1629661,0,0,0,0,0,0,0,0,0,0,0,0,0,1,0,0,0,0
4474030,0,0,0,1,1,0,0,0,0,0,0,0,0,0,0,0,0,0
4455944,0,0,0,0,0,0,0,0,0,0,1,0,0,0,0,0,0,0
4401618,2,0,2,0,0,0,0,0,0,0,0,0,0,1,1,1,1,0
4420726,0,10,13,7,8,32,21,13,4,2,7,7,7,1,0,0,5,3
4391805,0,0,0,0,0,0,0,1,0,0,0,0,1,0,0,0,0,0
3458857,0,0,0,0,0,0,0,0,0,0,0,0,0,1,3,1,0,1
4404916,0,1,0,0,1,2,1,1,0,0,2,0,0,3,0,2,4,1
4432936,0,0,0,0,0,0,0,0,0,0,0,0,1,0,0,0,0,0
4235075,0,0,0,0,0,0,0,0,0,0,0,0,2,0,0,0,0,0
4365477,0,0,0,0,0,0,0,0,0,0,0,0,0,2,7,1,1,0
2686306,0,0,0,0,0,0,0,0,0,0,0,0,0,0,0,0,0,1
3343020,0,0,1,2,1,1,0,0,0,0,2,0,0,1,0,0,0,1
3759696,0,0,0,0,0,0,0,0,0,0,0,0,0,1,0,1,0,4
4335313,0,0,0,0,0,0,0,0,0,0,0,0,0,1,0,0,0,0
2877643,0,0,2,0,0,0,0,0,0,0,0,0,0,0,0,0,0,0
4368285,0,0,0,0,1,3,1,0,0,0,0,5,0,0,0,0,0,0
2417690,2,0,0,0,0,0,0,0,0,0,0,0,0,0,1,0,1,0
2245426,0,0,0,1,0,0,0,0,0,0,0,0,0,0,0,0,0,0
4441413,0,0,0,0,0,0,0,0,0,0,1,0,0,0,0,0,0,0
135260,0,1,0,0,0,0,0,0,0,0,0,0,0,0,0,0,0,0
821057,0,0,0,0,0,0,0,0,0,0,1,0,0,0,0,0,0,0
274061,0,0,0,0,0,0,0,1,0,0,0,0,0,0,0,1,0,0
2809525,0,2,0,1,0,0,0,0,0,0,0,0,0,0,0,0,0,2
2970300,0,0,0,0,0,0,0,0,0,0,0,0,0,0,0,1,0,0
4450423,1,0,0,0,0,0,0,0,0,0,0,0,0,0,0,1,0,0
4431573,1,4,0,0,0,0,0,0,0,0,0,0,0,1,1,2,1,1
3742529,0,0,0,0,0,1,0,0,0,0,0,0,0,0,0,0,0,0
139347,0,0,2,5,4,1,6,2,0,0,2,0,2,0,0,0,1,0
159106,0,6,3,11,24,16,8,18,32,24,8,41,8,0,0,0,0,0
4476884,0,0,0,0,0,0,0,0,1,0,0,0,0,0,0,0,0,0
4263468,1,10,8,2,8,3,7,9,11,13,0,5,5,0,0,2,0,1
3719667,1,1,0,1,0,0,0,0,0,0,0,0,0,0,1,0,0,2
2101678,0,0,0,0,0,2,1,0,0,0,0,0,0,0,0,0,2,0
3045868,3,0,0,0,0,0,0,0,0,0,0,0,0,0,0,0,0,0
2267133,0,0,0,0,0,1,0,0,1,0,0,0,0,0,0,0,0,0
1572788,0,0,0,0,0,0,0,0,0,0,0,0,0,0,0,0,0,2
64245,0,0,0,1,1,0,1,0,0,0,0,0,0,0,0,0,0,0
1675298,0,0,0,0,0,0,0,0,0,0,0,0,0,1,0,0,0,0
3884906,0,0,0,0,0,0,0,0,0,0,0,0,0,0,0,0,1,0
4472642,1,0,0,0,0,0,0,0,0,0,0,0,0,0,0,1,0,0
225582,1,0,0,0,0,0,0,0,0,0,0,0,0,0,0,0,0,0
4482087,1,2,0,0,0,0,0,0,0,0,0,4,0,14,0,13,9,11
4403240,0,0,0,0,0,0,1,0,0,0,0,0,0,0,0,0,0,0
4331066,0,1,2,1,0,0,0,0,0,0,0,0,0,0,0,0,0,0
161513,0,0,0,0,0,0,0,0,1,0,0,1,0,0,0,0,0,0
1539143,0,0,0,0,0,0,0,0,0,0,0,0,0,0,0,0,0,1
3372293,0,0,0,1,0,0,0,0,0,0,0,0,0,0,0,0,0,0
2271806,0,0,0,0,0,2,0,0,0,0,0,0,0,0,0,0,0,0
3846307,0,0,0,0,0,0,0,0,0,0,0,0,0,0,1,0,0,0
4463898,4,3,5,0,1,0,0,0,0,0,0,0,0,34,6,31,23,27
4342164,0,1,1,0,0,0,0,0,0,0,0,0,0,0,1,0,0,0
2385330,0,0,0,0,0,0,0,0,0,0,0,0,0,0,2,0,0,0
4469646,0,0,0,2,3,1,0,0,1,1,1,1,1,0,0,0,0,0
3852555,4,0,0,0,0,0,0,0,0,0,0,0,0,0,0,1,0,0
2997727,0,1,1,2,4,2,0,2,0,0,1,2,0,0,0,0,0,0
4443336,0,1,0,1,0,0,1,0,0,1,0,1,1,0,0,0,0,0
1956370,0,0,0,0,0,0,0,0,0,0,0,1,0,0,0,0,0,0
4435676,0,0,0,0,0,0,0,0,0,0,0,0,0,0,0,0,0,1
2323374,0,0,0,0,0,0,1,0,0,1,0,0,0,0,0,0,0,0
104057,0,1,0,0,0,2,0,0,0,0,0,0,0,0,0,1,0,0
2485357,0,0,0,0,0,0,0,0,0,0,0,0,0,0,0,0,1,0
3084093,0,3,1,0,0,0,0,0,0,0,0,0,0,3,4,2,2,1
237372,0,3,0,4,2,5,7,4,2,1,1,6,0,0,0,0,0,1
3719403,0,1,2,1,0,0,1,1,0,0,1,0,2,0,0,0,0,0
243398,0,1,0,1,0,0,0,0,0,0,0,0,0,0,0,0,0,0
1614168,0,0,1,0,0,0,0,0,0,0,0,0,0,0,0,0,0,0
2068522,0,4,2,0,0,0,0,0,0,0,0,1,0,0,0,0,0,0
2986479,4,0,0,0,0,0,0,0,0,0,0,0,0,0,3,2,0,0
4300097,0,1,0,1,0,0,1,0,1,0,0,0,0,0,0,0,0,0
4324914,0,0,0,1,0,2,2,0,0,0,0,1,0,0,0,0,0,0
4376990,1,0,0,0,0,0,0,0,0,0,0,0,0,0,1,0,0,0
4481573,0,14,8,9,4,1,2,0,0,0,3,4,0,2,0,0,3,3
3769664,0,2,0,2,0,0,0,0,0,0,0,0,0,7,0,0,1,0
4481577,2,0,0,0,1,0,0,0,0,0,0,0,0,3,0,5,5,9
3332941,0,0,0,0,0,0,0,0,0,0,0,0,0,0,1,0,1,0
263122,1,0,0,0,0,0,0,0,0,0,0,0,0,0,1,0,0,0
3832361,0,0,0,1,0,0,0,0,1,0,0,1,0,1,0,0,0,0
4363706,0,0,0,0,0,0,0,0,0,0,1,0,0,1,0,2,9,9
3699723,0,0,0,0,0,0,0,0,0,0,0,1,0,0,0,0,0,0
3945520,1,0,0,0,0,0,0,0,0,0,0,0,0,0,0,0,0,0
3671749,0,1,0,0,0,0,0,0,0,0,0,0,0,0,0,0,4,0
4477774,0,0,0,0,0,0,0,0,1,0,0,0,0,0,0,0,0,0
4370839,0,1,2,14,19,19,27,3,0,0,14,11,4,0,0,0,0,0
238175,0,0,0,0,0,0,0,2,0,0,0,0,0,0,0,0,0,0
4385684,0,0,0,1,1,1,0,0,0,0,0,0,0,0,0,0,0,0
3218435,0,0,0,0,0,0,0,0,0,0,0,0,0,0,0,0,1,0
2329138,0,0,0,0,0,0,0,0,0,0,0,0,0,0,0,0,1,0
3361582,0,0,0,0,0,0,1,0,0,0,0,0,0,0,0,0,0,0
2606046,0,1,1,0,0,0,0,0,0,0,0,0,0,1,1,1,5,2
3715974,0,1,0,0,0,0,0,0,0,0,0,0,0,3,0,3,18,13
4355709,0,2,1,0,0,0,0,0,0,0,0,0,0,0,0,0,0,0
330723,1,0,0,0,0,0,0,0,0,0,0,0,0,0,0,0,0,0
4408718,0,2,2,0,0,0,0,0,0,1,0,0,0,0,0,1,2,1
659663,1,0,0,0,0,0,0,0,0,0,0,0,0,0,2,0,0,0
2871485,0,1,0,0,0,0,0,0,0,0,0,0,0,0,0,1,0,1
3510818,1,7,7,4,10,5,4,3,0,0,5,2,2,0,0,0,4,6
4198576,0,1,0,1,2,0,1,0,0,0,0,1,2,1,1,0,3,0
131552,0,0,0,0,0,0,1,0,0,0,0,0,0,0,0,0,0,0
4402555,0,0,0,0,0,0,0,0,0,0,0,0,0,0,0,1,2,1
3644663,0,0,0,0,0,0,0,0,0,0,1,0,0,0,0,0,0,0
4463888,0,0,0,1,0,0,0,0,0,0,1,0,1,0,0,0,0,0
4475608,1,0,0,0,0,0,0,0,0,0,0,0,0,0,1,1,0,0
1123592,0,0,0,0,0,0,0,0,0,0,0,0,0,0,1,0,0,0
1995665,0,0,0,0,0,0,0,0,0,0,0,0,0,0,1,0,0,0
244972,0,1,0,0,0,1,0,0,0,1,0,0,0,0,0,0,0,0
2247631,0,0,0,0,0,3,0,0,0,0,0,0,0,0,0,0,0,0
2930292,0,0,0,0,0,0,0,0,0,0,0,1,0,0,0,0,0,0
3207636,1,4,9,1,2,1,1,1,1,2,0,0,0,1,0,1,1,1
3134429,0,0,0,0,0,0,0,2,0,0,0,0,0,0,0,0,0,0
4478962,0,0,0,1,0,0,0,0,0,0,0,0,0,0,0,0,0,0
159471,0,1,3,0,0,0,1,1,0,0,0,0,0,0,0,1,0,0
39831,1,0,0,0,0,0,0,0,0,0,0,0,0,0,0,0,0,0
956902,2,0,0,0,0,0,0,0,0,0,0,0,0,0,2,0,0,0
4465830,0,5,11,0,2,3,0,0,1,1,0,1,0,0,0,1,1,2
3406495,0,0,0,1,0,0,0,1,0,0,0,0,0,0,0,0,0,0
3859151,0,0,0,0,0,0,0,1,0,0,0,0,0,0,0,0,0,0
1549742,0,0,0,0,0,0,0,0,0,0,0,1,1,0,0,0,0,0
3640197,0,1,0,7,10,37,26,35,28,26,9,9,33,1,0,0,1,0
4375883,0,0,2,0,0,0,0,0,0,0,0,0,1,0,0,0,0,0
786099,1,0,0,0,0,0,0,0,0,0,0,0,0,0,0,1,0,0
2835981,1,0,0,0,0,0,0,0,0,0,0,0,0,0,0,0,0,0
4404053,3,0,0,0,0,0,0,0,0,0,0,0,0,1,3,1,0,0
2294756,0,0,0,0,1,1,2,0,0,0,0,2,0,0,0,0,0,0
2776987,2,0,0,0,0,0,0,0,0,0,0,0,0,0,2,0,0,0
4206362,0,0,0,1,1,0,1,0,0,0,1,0,0,0,0,0,0,0
2123372,0,3,1,0,0,0,0,0,0,0,0,0,0,0,0,0,0,0
4384856,0,0,0,0,0,0,0,0,0,0,0,0,0,1,0,0,0,0
2123377,9,6,7,0,2,0,0,0,0,0,0,7,0,4,6,8,2,0
247955,0,0,0,0,0,0,0,0,0,0,0,0,1,0,0,0,0,0
520995,0,0,1,0,0,2,0,0,1,0,1,0,0,0,0,0,0,1
10926,1,0,0,0,0,0,0,0,0,0,0,0,0,3,0,2,3,6
4339109,0,3,3,0,0,0,0,0,0,0,0,0,0,0,0,0,0,0
4452179,0,0,0,0,0,0,0,0,0,0,0,0,0,0,2,0,0,0
4400179,0,0,0,0,0,1,0,0,0,0,0,0,0,0,0,0,0,0
4189075,0,0,0,0,0,1,0,0,0,0,0,0,0,0,0,0,0,0
240333,0,0,0,0,0,0,0,0,0,0,0,0,0,0,1,0,0,0
2656929,0,0,0,0,0,0,0,1,0,0,0,0,0,0,0,1,0,0
4338509,0,1,1,0,0,1,2,6,5,7,2,0,5,0,0,0,0,0
4456716,0,0,0,1,0,0,0,0,0,0,2,0,0,0,2,2,0,0
1703455,8,0,0,0,0,0,0,0,0,0,0,2,0,0,7,0,0,0
4270420,0,0,0,0,0,0,0,0,0,0,0,0,0,0,0,0,0,1
254307,0,0,0,1,0,2,2,0,0,0,0,0,0,1,0,1,1,0
248667,0,3,2,4,2,0,0,0,0,0,2,0,0,0,0,0,1,0
4433704,0,1,0,0,0,0,0,0,0,0,0,0,0,0,0,0,0,0
12290,1,0,0,0,0,0,0,0,0,0,0,0,0,0,0,0,0,0
4416983,0,0,0,0,0,0,0,0,0,0,0,0,0,0,0,0,0,1
3964506,1,3,0,0,0,0,0,0,0,0,0,0,0,1,3,2,3,5
3145591,0,1,3,0,0,0,1,0,0,0,0,0,0,0,0,0,1,0
2142514,0,0,0,0,0,0,0,0,0,1,0,0,0,0,0,0,0,0
4391823,0,0,0,0,0,0,0,1,0,0,0,0,0,0,0,0,0,0
2636127,0,0,0,0,0,0,0,0,0,0,0,0,0,1,0,0,0,0
4183366,0,0,0,0,0,0,0,0,0,0,1,0,0,0,0,0,0,0
236297,0,1,1,1,3,1,3,0,1,1,5,1,2,0,0,0,0,0
4394791,0,0,0,0,0,0,0,0,0,0,0,0,0,0,1,0,0,0
1615951,0,0,0,1,2,0,1,0,0,0,0,0,0,0,0,0,0,0
4338438,0,0,0,0,0,1,0,0,0,0,0,0,0,0,0,0,0,0
972341,0,0,0,0,0,0,0,0,0,0,0,0,0,0,1,0,0,0
4472671,0,0,0,0,0,0,0,0,0,0,0,0,0,0,0,0,0,1
200457,0,0,0,0,0,0,0,0,0,0,0,0,0,1,0,1,0,0
2423425,0,0,0,0,0,0,0,0,0,0,0,0,0,0,1,2,0,0
3781583,0,4,6,0,0,0,1,0,0,0,1,0,1,0,0,0,1,4
3580899,0,1,0,0,0,0,0,0,0,0,0,0,0,0,0,0,0,0
4197254,0,0,0,0,0,0,0,1,1,0,0,0,3,0,0,0,0,0
4455599,0,0,0,0,1,0,0,0,0,0,0,0,0,0,0,1,0,0
4348002,0,0,0,0,0,0,0,0,0,0,0,0,0,1,0,0,0,0
235527,8,0,0,0,0,0,0,0,0,0,0,0,0,4,7,6,0,0
3607630,0,3,0,4,4,10,5,6,4,9,6,3,8,9,0,5,9,5
3195928,0,0,0,0,0,7,8,10,3,3,0,1,4,0,0,0,1,0
4369839,0,0,0,0,0,0,0,0,0,0,0,1,0,0,0,0,0,0
4347440,0,1,0,0,2,1,0,0,0,0,0,2,0,2,1,1,3,2
278334,0,0,0,0,0,2,0,0,0,0,0,0,0,0,0,0,0,0
4431633,2,0,0,0,0,0,0,0,0,0,0,0,0,0,3,1,2,2
4384147,1,0,0,0,0,0,0,0,0,0,0,0,0,0,1,2,1,0
4370274,0,4,4,4,2,5,6,4,1,1,1,4,3,2,0,4,1,1
4384144,2,0,0,0,0,0,0,0,0,0,0,0,0,0,1,0,1,0
4422133,0,0,0,0,0,0,1,0,0,0,0,0,0,0,0,0,0,0
1671385,0,0,0,1,2,0,0,0,0,0,3,2,0,0,0,0,0,0
1532826,0,0,0,0,0,0,0,0,0,0,0,0,0,0,0,0,0,1
4344021,0,0,2,7,5,7,11,6,7,25,3,3,10,0,0,0,0,0
2385328,4,0,1,0,0,0,0,0,0,0,0,0,0,0,4,0,0,0
3372350,0,0,0,2,1,1,2,0,0,0,1,0,1,0,0,0,0,0
4462680,0,0,0,0,0,0,0,0,0,0,0,0,1,0,0,0,0,0
2695588,0,0,0,0,0,0,0,0,0,0,0,0,0,0,0,1,0,0
4468989,0,0,0,1,0,0,0,0,0,0,0,0,0,0,0,0,0,0
4415808,0,0,0,2,0,0,2,0,0,0,0,0,1,0,0,0,0,0
4411878,0,1,1,3,2,1,2,0,0,0,1,2,0,0,0,0,0,0
2144341,1,0,0,0,0,0,0,0,0,0,0,0,0,0,0,3,0,0
4439585,0,0,0,3,1,10,7,8,10,8,4,0,12,1,0,3,3,0
4333754,0,0,0,0,0,0,0,0,0,0,0,0,0,0,3,2,0,1
4443230,0,0,0,0,0,0,0,0,0,0,0,0,0,0,0,1,0,1
4396123,0,0,0,0,0,0,0,0,0,0,0,0,0,0,1,0,0,0
822950,0,0,0,0,2,1,4,3,4,4,2,0,5,0,0,0,0,0
4428450,0,0,0,0,0,0,0,0,0,0,0,0,0,1,2,0,0,0
2009385,1,0,0,0,0,0,0,0,0,0,0,0,0,0,0,0,0,0
4452725,0,0,2,0,0,0,0,0,0,0,0,0,0,0,0,0,0,0
1564019,1,0,0,0,0,0,0,0,0,0,0,0,0,0,0,0,0,0
138829,0,0,0,0,0,0,0,0,0,0,0,0,0,2,1,1,0,0
2640151,0,5,0,6,4,6,2,0,0,3,3,3,0,0,0,2,6,9
4461259,0,12,8,3,6,40,32,4,13,8,4,12,2,0,0,0,0,0
2656497,0,0,0,0,0,0,0,0,0,0,0,0,0,0,0,1,1,1
3193887,0,0,0,0,0,0,0,0,0,0,0,0,0,0,0,0,1,0
4472883,1,0,0,0,0,0,0,0,0,0,0,0,0,0,1,0,0,0
4472881,2,1,0,0,0,0,0,0,0,0,0,0,0,11,0,4,0,1
3326574,1,0,0,0,0,0,0,0,0,0,0,0,0,0,0,0,0,0
4321084,0,0,0,0,0,0,0,0,1,3,0,0,0,1,0,0,0,0
2907836,0,7,3,0,0,0,0,0,0,0,0,1,0,6,1,12,8,4
1637271,0,0,0,0,0,0,0,0,0,0,0,0,0,0,0,0,0,1
4432422,3,5,3,0,1,2,0,0,0,0,3,1,0,0,3,1,0,0
3362938,12,9,7,0,0,0,0,0,0,0,0,0,0,7,7,7,5,1
243900,0,0,2,1,0,1,5,2,1,0,1,1,2,0,0,0,0,0
4428294,0,0,0,0,2,0,0,0,0,0,0,0,0,0,0,0,0,1
4312969,0,0,0,0,0,0,0,0,0,0,0,0,0,0,1,0,0,0
4109584,5,0,0,0,0,0,0,0,0,0,0,0,0,1,1,1,1,0
3196581,1,0,0,0,0,0,0,0,0,0,0,0,0,0,0,0,0,0
4483430,1,0,0,0,0,0,0,0,0,0,0,0,0,0,0,0,0,0
4385704,0,0,0,0,0,0,0,0,0,0,0,0,0,0,1,1,0,1
240879,0,0,0,0,0,0,0,0,0,1,0,0,0,0,0,0,0,0
3599704,0,0,0,1,0,0,0,0,0,0,1,0,0,0,0,0,0,0
4138473,0,1,0,0,0,0,0,0,0,0,0,0,0,0,0,0,0,0
4432558,0,0,0,0,0,0,0,0,0,0,1,0,0,1,0,0,0,0
4445537,0,28,20,5,10,5,2,1,0,0,6,16,0,0,0,0,2,2
1541224,0,0,0,0,0,0,1,0,2,1,0,0,0,0,0,0,0,0
159272,0,0,0,0,0,0,0,0,0,0,0,0,0,0,0,0,1,0
2725869,0,0,0,0,0,0,0,0,0,0,0,0,0,0,3,0,0,0
3462066,0,0,1,1,0,0,0,0,0,0,0,0,0,0,0,0,0,0
2473875,0,4,6,1,0,1,0,0,0,0,1,0,0,1,1,1,0,0
4333294,0,0,0,0,0,1,0,0,0,0,0,0,0,0,0,0,0,0
1900276,0,0,0,0,0,0,0,0,0,1,0,0,0,0,0,0,0,0
4474901,0,0,0,0,0,0,0,0,0,0,0,0,0,0,0,0,1,0
3742723,0,1,0,0,0,0,0,0,0,0,0,0,0,0,0,0,0,0
252718,0,0,0,0,1,0,0,0,0,0,0,0,0,0,0,0,0,0
3475823,0,0,0,0,0,0,0,0,0,0,0,0,0,1,0,0,0,0
3109421,0,0,0,0,0,0,0,0,0,0,0,0,0,0,1,0,0,0
4460075,0,0,0,0,0,0,0,0,0,0,0,0,0,0,0,1,0,0
4342796,0,0,0,1,0,0,0,0,0,0,0,0,0,0,0,0,0,0
1936017,0,0,0,0,0,2,1,0,1,4,0,0,2,0,1,0,1,0
4393199,0,0,0,0,0,0,0,1,0,0,0,0,0,0,0,0,0,0
1943671,0,0,0,0,0,0,0,0,0,0,0,0,0,0,0,0,1,1
3161337,0,0,1,0,0,0,0,0,0,0,0,0,0,0,0,0,0,0
3433536,6,1,2,0,2,0,0,0,0,0,1,0,0,1,7,2,0,1
4327250,0,1,1,0,0,0,0,0,0,0,0,0,0,0,0,0,0,1
4327251,3,0,0,0,0,0,0,0,0,0,0,0,0,22,1,12,11,7
2587200,0,1,1,1,0,0,0,0,0,0,0,0,0,1,0,0,0,0
4375560,4,1,0,0,0,0,0,0,0,0,0,0,0,1,1,0,1,1
4375563,17,0,0,0,0,0,1,0,0,0,0,0,0,9,11,6,14,3
2484891,0,0,0,0,2,0,0,0,0,0,0,0,0,0,0,0,1,0
3020522,0,0,0,0,0,0,0,0,0,0,0,0,0,0,0,0,0,1
4383718,1,8,9,3,2,5,3,2,0,2,1,6,1,4,0,4,12,9
1815123,0,0,0,0,0,0,0,0,0,0,0,0,0,0,0,0,1,0
2681245,0,0,0,0,2,1,0,0,2,7,0,0,1,0,1,0,0,0
2872164,0,0,0,0,0,0,0,0,1,0,0,0,0,0,0,0,0,0
4331263,0,0,0,0,0,0,0,0,0,0,0,0,0,0,0,0,0,1
4391820,0,0,0,0,0,0,0,0,0,0,0,0,0,0,0,0,1,0
2769800,0,1,1,0,0,0,0,0,0,0,0,0,0,0,0,0,0,0
2314714,0,0,0,0,0,1,1,1,0,0,0,1,0,0,0,0,0,0
4460676,0,0,0,0,0,0,0,0,0,0,0,0,0,1,0,0,0,0
4471195,0,0,0,0,0,0,0,0,0,1,0,0,0,0,0,0,0,0
159294,0,0,1,0,1,0,1,1,0,0,0,2,0,2,0,0,1,0
2630382,0,0,0,0,0,0,0,1,0,0,0,0,0,2,0,3,3,6
4342648,0,0,0,7,0,0,0,0,0,0,4,0,0,0,0,0,0,0
3844519,0,0,0,0,0,0,1,0,0,0,0,1,0,0,0,0,0,0
4448997,0,0,0,0,0,0,0,0,0,0,0,2,0,0,0,0,0,0
4393040,0,2,0,1,0,8,8,5,6,5,2,1,5,0,0,0,0,0
3512516,0,0,1,0,0,0,0,0,0,0,0,0,0,0,0,0,0,0
2984013,1,0,0,0,0,0,0,0,0,0,0,0,0,0,0,0,0,0
3740756,10,0,0,0,0,0,0,0,0,0,0,0,0,5,11,1,0,1
2331871,0,0,0,0,0,0,0,0,1,0,0,0,1,0,0,0,0,0
4197100,0,0,0,0,0,0,0,0,0,1,0,0,0,0,0,0,0,0
3412052,0,0,1,4,0,0,1,4,0,0,2,1,6,0,0,0,0,0
535196,2,0,0,0,0,0,0,0,0,0,0,0,0,0,0,0,0,0
4441892,0,1,1,0,0,0,0,0,0,0,0,0,0,2,0,1,1,1
307425,0,0,0,0,0,0,0,0,0,0,0,2,0,0,0,0,0,0
4384441,0,0,0,0,0,0,0,4,2,4,0,0,2,0,0,0,0,0
4322061,2,0,0,1,0,0,0,0,0,0,0,0,0,0,2,1,0,0
362119,0,0,0,0,0,0,0,0,0,0,0,0,0,0,1,0,0,0
4483034,2,0,0,0,0,0,0,0,0,0,0,0,0,0,0,0,0,0
3918930,0,0,0,1,0,6,7,79,8,13,0,0,92,0,0,0,0,0
4394785,0,6,7,6,4,0,0,0,0,0,4,2,0,0,0,0,3,2
4105145,0,0,0,0,0,0,0,0,0,0,0,0,1,0,0,0,0,0
2808306,0,0,0,1,0,0,1,0,0,0,0,0,0,1,0,0,0,0
4394657,0,0,0,0,0,0,0,0,0,0,0,0,1,0,0,0,0,0
4362386,0,0,2,0,0,0,0,0,0,0,0,0,0,0,0,0,1,0
2252883,0,0,0,0,0,0,0,0,0,0,0,0,0,0,0,0,0,1
3948003,0,0,0,0,0,0,0,0,0,0,0,1,0,0,0,0,0,0
3203248,0,0,0,0,0,1,0,0,0,0,0,0,0,0,0,0,0,0
4408041,0,0,0,0,0,0,0,0,0,0,0,1,0,0,0,0,0,0
3711661,0,0,0,0,0,0,0,0,0,0,0,0,0,0,0,0,0,1
4316271,0,0,0,1,0,0,0,0,0,0,0,0,0,0,0,0,0,0
4423721,0,1,0,0,0,1,0,0,0,0,0,0,1,0,0,0,0,0
3514599,0,0,0,0,0,0,0,0,0,0,0,0,0,1,0,1,0,0
252805,0,0,0,0,0,0,0,0,0,0,0,0,0,4,1,5,1,6
3144099,0,0,0,0,0,0,0,0,0,0,0,0,0,0,0,1,0,0
689978,0,0,0,0,0,0,1,0,0,0,0,0,0,0,0,0,0,0
4345545,0,0,1,0,0,1,0,3,0,0,0,0,0,0,0,0,0,0
4480952,1,0,0,0,0,0,0,0,0,0,0,0,0,0,0,0,0,0
4437950,0,0,0,0,0,0,0,0,0,0,0,0,0,0,0,0,1,0
3956672,0,0,0,0,1,0,1,0,0,0,0,0,0,0,0,0,0,0
4455634,1,0,0,0,0,0,0,0,0,0,0,0,0,0,0,0,0,0
2198683,2,0,0,0,0,0,0,0,0,0,0,0,0,0,0,1,0,0
4425432,0,0,1,2,0,0,1,1,0,0,0,0,2,0,0,0,0,0
2408281,0,0,0,0,0,0,0,0,0,0,0,0,0,2,2,0,0,0
4081639,0,0,0,0,0,0,0,0,0,0,0,0,0,0,0,1,0,0
4415494,0,1,0,1,0,0,3,0,0,0,1,0,0,0,0,0,0,0
4415327,0,0,0,0,0,1,1,0,0,0,0,0,1,0,0,0,0,0
1878732,0,0,0,0,0,0,0,0,0,0,0,0,0,1,0,0,0,0
4443318,0,0,0,0,0,0,0,0,0,0,0,0,0,0,0,0,1,0
2897416,0,0,0,0,1,0,1,0,0,0,1,0,1,0,1,1,0,0
246077,0,0,0,0,0,3,2,1,0,1,0,0,2,0,0,0,0,0
2471809,1,0,0,0,0,0,0,0,0,0,0,0,0,3,2,4,1,0
2694193,0,1,0,0,0,0,0,0,0,0,0,0,0,0,0,0,0,0
3872281,3,0,0,0,0,0,0,0,0,0,0,0,0,1,1,1,0,0
2507409,0,1,0,0,0,0,0,0,0,0,0,0,0,1,1,1,1,1
4363543,4,6,4,0,0,0,0,0,0,0,0,0,0,1,7,4,4,0
2638772,0,0,0,0,0,0,0,0,1,0,0,0,0,0,0,0,0,0
2585500,0,0,0,0,0,0,0,0,0,0,0,0,0,0,0,0,0,1
4374616,0,0,0,0,0,0,0,0,0,0,0,0,0,0,0,0,1,0
2494504,0,0,0,4,4,2,1,0,0,0,5,2,2,0,0,0,1,0
4074070,0,0,0,0,1,1,0,1,0,0,0,0,1,0,0,0,0,2
108547,1,2,0,0,0,0,0,0,0,0,0,0,0,0,0,0,0,0
2151214,0,1,1,0,0,0,0,0,0,0,0,0,0,0,0,0,0,0
4446058,2,0,0,0,0,0,0,0,0,0,0,0,0,0,1,0,0,0
4340109,0,0,0,1,0,0,0,0,0,0,0,0,0,0,0,0,0,0
4029144,0,0,0,1,0,0,2,0,0,0,0,0,1,0,0,0,0,0
4464578,0,0,0,0,0,0,0,0,0,0,0,0,0,0,0,1,1,0
103057,0,0,0,0,0,0,0,0,0,0,0,0,0,0,1,0,0,0
4367447,0,0,0,3,0,0,0,1,0,0,0,0,2,0,0,0,0,0
3705248,0,1,0,0,0,0,0,0,0,0,0,0,0,3,0,1,2,0
4447872,0,0,0,0,0,0,0,0,0,0,0,0,0,0,1,0,0,3
156466,1,0,0,0,0,0,0,0,0,0,0,0,0,0,0,0,0,0
685071,0,0,0,0,0,0,0,0,0,0,0,0,3,0,0,0,0,0
4380928,0,0,0,0,0,0,0,0,0,0,0,0,0,0,0,0,1,0
2649437,0,0,0,0,0,0,0,2,0,0,0,1,0,0,0,0,0,0
3732492,0,0,0,0,0,0,0,0,1,0,0,0,0,0,0,0,0,0
4481397,0,0,0,0,0,0,0,0,0,1,0,0,0,0,0,0,0,0
4356528,0,3,1,0,0,1,0,0,1,0,0,0,0,0,0,0,2,1
318576,0,0,0,0,1,0,0,1,0,0,0,0,0,0,0,0,0,0
3156558,0,0,0,0,0,0,0,0,0,1,0,0,0,0,0,0,0,0
3684728,0,0,0,0,0,0,1,0,0,0,0,0,0,0,0,0,0,0
822309,1,0,0,0,0,0,0,0,0,0,0,0,0,0,0,0,0,0
4369623,0,4,4,4,4,4,2,2,1,0,12,6,2,0,0,0,5,3
3202444,0,2,2,0,0,0,0,0,0,0,0,0,0,4,0,3,1,1
86772,1,0,0,0,0,0,0,0,0,0,0,0,0,0,0,0,0,0
3967445,0,0,1,0,0,0,0,0,0,0,0,0,1,0,0,1,0,1
2250097,0,0,0,0,0,0,0,0,0,0,0,0,0,1,0,0,0,0
4359975,0,0,0,0,0,0,0,0,0,0,0,0,0,0,1,0,2,0
1787797,2,0,0,0,0,0,0,0,0,0,0,0,0,1,2,0,0,0
2259936,2,0,1,0,0,0,0,0,0,0,0,0,0,0,0,1,1,1
4477807,0,0,0,0,0,0,0,0,0,0,0,0,0,0,0,0,1,0
245245,0,0,0,0,0,1,0,3,3,0,0,0,1,0,0,0,0,0
3756851,0,0,0,1,0,0,0,0,0,0,0,1,1,0,0,0,0,0
3847437,0,4,1,4,4,5,1,0,0,0,8,6,0,9,4,13,10,9
4360237,0,0,0,0,0,0,0,0,1,2,0,0,0,0,0,0,0,0
4350849,0,0,0,2,5,4,2,0,0,0,1,2,0,5,0,0,16,13
4257208,0,0,1,0,0,0,0,0,0,0,0,0,0,0,0,0,0,0
4393217,25,0,0,0,0,0,1,0,0,0,0,0,0,4,16,7,0,2
253042,0,0,0,0,2,0,0,0,0,0,0,0,0,0,0,0,0,0
4370757,2,0,0,0,0,0,0,0,0,0,0,0,0,0,0,2,1,0
3900421,13,0,0,0,0,0,0,0,0,0,0,0,0,14,8,3,0,0
4479369,0,0,0,2,1,0,0,0,0,2,0,1,0,0,0,0,0,0
4449448,1,14,12,17,7,23,10,2,7,2,10,9,6,10,5,8,3,13
4436113,0,0,0,0,0,0,0,1,0,0,0,1,0,0,0,0,0,0
4421398,0,11,7,15,39,11,15,13,3,5,25,13,9,1,0,1,0,1
3468275,6,0,0,0,0,0,1,0,0,0,0,0,0,2,4,1,0,0
4385594,3,0,0,0,0,0,0,0,0,0,0,0,0,1,10,1,0,0
4353367,3,0,0,0,0,0,0,0,0,0,0,0,0,1,1,2,0,0
4437649,4,4,6,0,0,0,0,0,0,0,0,1,0,5,7,5,1,1
2995140,0,0,0,0,0,0,0,0,0,0,0,0,0,0,1,0,0,0
3064691,1,0,0,0,0,0,0,0,0,0,0,0,0,1,0,0,0,0
4381875,0,0,0,0,0,0,0,0,0,0,0,0,0,0,1,0,0,0
2221063,0,0,0,0,0,1,5,1,0,1,0,0,2,1,0,0,0,0
511366,1,0,0,0,0,0,0,0,0,0,0,0,0,0,0,0,0,0
4471279,0,0,0,0,0,0,0,0,0,0,0,0,0,0,1,0,0,0
2194481,1,0,0,0,0,0,0,0,0,0,0,0,0,0,4,0,0,0
101216,0,0,0,0,0,0,0,0,0,0,0,0,1,0,0,0,0,0
2978531,0,0,0,0,0,0,0,1,0,0,0,1,0,0,0,0,0,0
616310,1,0,0,0,0,0,0,0,0,0,0,0,0,0,0,0,0,0
2680960,0,0,0,0,0,0,1,0,0,0,0,0,0,0,0,0,0,0
2522679,0,12,6,0,3,0,3,0,1,0,4,5,0,0,0,0,0,1
4475086,0,0,0,2,0,0,0,0,0,0,0,0,0,0,0,0,0,0
4078494,0,0,0,0,0,0,1,0,0,0,0,1,0,0,0,0,0,0
4405078,0,0,0,0,0,0,0,0,0,0,0,0,0,0,0,1,0,0
2313484,0,0,0,0,0,0,0,0,0,0,0,2,0,0,0,0,0,0
4401396,1,0,0,0,0,0,0,0,0,0,0,0,0,0,0,0,0,0
304039,1,0,0,0,0,0,0,0,0,0,0,0,0,0,0,0,0,0
4401398,4,0,0,0,0,0,0,0,0,0,0,0,0,0,1,2,1,1
4379699,0,0,0,0,0,0,0,0,0,0,1,0,0,0,0,0,0,0
257210,1,0,0,0,0,1,1,0,2,0,0,0,1,0,0,1,0,1
2833262,0,0,0,0,0,0,1,0,0,0,1,0,0,0,0,0,0,0
4460449,0,9,3,0,0,0,0,0,0,0,0,1,0,1,2,2,4,4
159284,2,2,0,0,0,0,0,0,0,0,0,0,0,1,0,0,0,3
2630393,2,0,0,0,0,0,0,0,0,0,0,0,0,0,0,0,0,0
4339431,0,0,0,0,0,1,0,4,2,5,0,0,6,0,0,0,0,0
3677713,0,0,1,0,0,0,0,0,0,0,0,0,0,1,0,0,0,0
4368929,0,0,0,0,0,0,1,0,0,0,3,0,0,0,0,0,0,0
4437263,3,0,0,0,0,0,0,0,0,0,0,0,0,2,3,2,0,0
2326885,0,0,0,0,0,0,1,0,0,0,0,0,0,0,0,0,0,0
3451045,2,0,0,0,0,0,0,0,0,0,0,0,0,1,0,0,0,0
4328174,0,0,2,0,0,0,0,0,0,0,0,1,0,0,0,0,0,1
4359458,0,0,0,3,0,0,0,0,0,0,1,0,0,0,0,0,0,0
4411469,0,0,0,0,0,0,0,0,0,0,0,0,0,0,0,1,1,0
1983513,0,0,0,0,0,0,0,0,0,0,0,0,0,1,0,0,0,0
579421,0,0,0,0,0,0,0,0,0,0,0,0,1,0,0,0,0,0
159138,0,0,0,0,1,0,3,0,0,0,0,0,0,0,0,0,0,0
578911,0,0,0,0,0,0,0,0,0,0,0,0,0,0,1,0,0,0
4384438,0,0,1,0,2,1,4,3,2,1,1,2,1,0,0,0,0,0
139171,0,2,0,2,1,1,0,1,0,0,1,1,0,2,0,1,4,4
4334638,1,0,0,0,0,0,0,0,0,0,0,0,0,0,0,0,0,0
2651824,0,0,0,0,0,0,0,0,0,0,0,0,0,1,0,1,0,3
4266249,0,0,0,0,0,0,0,0,0,0,0,0,0,0,1,0,0,0
1842133,0,0,2,0,0,0,0,0,0,0,0,0,0,0,0,3,2,2
4119352,0,3,0,0,0,0,0,0,0,0,0,0,1,1,0,0,1,0
510360,1,0,0,0,0,0,0,0,0,0,0,0,0,0,0,0,0,0
1646976,0,0,0,0,1,0,1,0,0,0,0,0,0,0,0,0,0,0
4405700,1,1,0,11,17,8,16,6,3,4,10,7,8,1,0,1,2,1
4440845,0,1,0,0,0,0,0,0,0,0,0,0,0,0,0,0,0,0
2023046,0,0,0,0,0,0,0,0,0,0,0,0,0,1,0,1,0,0
539299,1,0,0,0,0,0,0,0,0,0,0,0,0,0,0,0,0,0
3983096,0,1,0,0,0,0,3,0,1,2,0,0,0,1,0,0,0,0
975341,1,0,0,0,0,0,0,0,0,0,0,0,0,0,1,0,0,0
64384,2,0,0,0,0,0,0,0,0,0,0,0,0,0,2,0,0,0
790259,0,0,0,0,0,0,0,0,0,0,0,0,0,0,0,1,0,0
254610,2,0,0,0,0,0,0,0,0,0,0,0,0,0,2,0,0,0
134748,0,0,0,0,0,0,0,0,0,0,0,1,0,0,0,0,0,0
4425555,0,0,2,0,0,0,0,0,0,0,0,0,0,2,0,1,0,0
2096431,0,2,0,0,0,0,0,0,0,0,0,0,0,0,0,0,0,0
4324364,0,0,1,0,0,0,0,0,0,0,0,0,0,0,1,0,0,1
4400441,0,0,0,0,1,0,0,0,0,0,1,2,0,0,0,0,0,0
3979167,0,0,0,0,0,0,0,0,0,0,0,0,0,8,0,0,1,0
4480947,0,0,0,0,1,0,0,0,0,0,0,0,0,0,0,0,0,0
3150280,0,0,0,0,0,2,1,2,0,0,0,0,3,0,0,0,0,0
3449994,1,0,0,0,0,2,4,0,1,5,0,0,2,0,0,0,0,0
3449998,0,0,0,0,0,0,1,0,1,0,0,0,3,0,0,0,0,0
4304697,1,0,0,0,0,0,0,0,0,0,0,0,0,0,0,0,0,0
1917340,0,0,0,1,0,0,0,0,0,0,1,0,0,0,0,0,0,0
4428610,0,0,0,1,0,0,0,0,0,0,0,0,0,1,0,1,0,0
4328604,0,1,1,2,0,0,0,0,0,0,2,0,0,0,0,1,0,1
4225525,0,0,1,0,2,1,0,0,0,0,0,2,0,0,0,0,0,0
1621954,2,0,0,0,0,0,0,0,0,0,0,0,0,0,0,1,0,0
2148606,1,0,0,0,0,0,0,0,0,0,0,0,0,0,0,0,0,0
246081,0,0,0,0,0,0,0,0,0,0,0,0,1,0,0,0,0,0
2266183,0,0,0,0,0,0,0,0,0,0,0,0,0,0,0,0,0,1
4366582,0,0,0,0,0,1,0,1,0,0,0,0,0,0,0,0,0,0
3734895,1,0,0,0,0,0,0,0,0,0,0,0,0,0,0,0,0,1
2251072,0,4,1,4,0,1,1,0,0,0,2,0,0,0,0,0,0,0
3024162,0,0,0,0,0,0,0,0,0,0,0,0,0,0,0,1,0,0
4366277,1,0,0,0,0,0,0,0,0,0,0,0,0,1,0,0,0,0
4363754,1,0,0,0,0,0,0,0,0,0,0,0,0,0,1,0,0,0
4363752,0,0,0,0,0,0,0,0,0,1,0,0,0,0,1,0,0,0
4472990,0,1,0,0,0,0,0,0,0,0,0,0,0,1,0,0,0,0
532888,2,0,0,0,0,0,0,0,0,0,0,0,0,0,0,0,0,0
312081,1,0,0,0,0,0,0,0,0,0,0,0,0,0,0,0,0,0
2021974,0,21,23,3,4,0,1,0,0,0,1,7,0,0,0,0,2,1
4354024,0,0,0,0,0,0,0,0,0,0,0,0,0,0,0,1,0,0
243744,0,0,0,0,0,2,4,1,7,5,0,0,5,0,0,0,0,0
4380936,0,0,0,0,0,0,0,0,0,0,0,0,0,1,0,0,0,0
3290172,0,0,0,0,0,0,0,0,0,0,0,0,0,0,1,0,0,0
3834498,3,0,0,0,0,0,0,0,0,0,0,0,0,1,1,0,0,0
4459854,0,16,15,9,12,6,7,2,0,0,9,9,0,18,1,26,21,25
2343588,0,0,1,0,0,2,1,5,3,2,0,0,3,0,0,0,0,0
793240,0,0,0,0,1,0,0,0,0,0,2,0,0,0,1,1,0,0
4368722,0,0,0,0,0,0,0,0,1,0,0,0,0,0,0,1,0,0
2229121,0,2,1,0,0,0,0,0,0,0,0,0,0,0,0,0,0,0
3795561,0,0,0,0,0,0,0,0,0,1,0,0,1,0,0,0,0,0
692794,0,0,3,0,0,0,0,0,0,0,0,0,0,0,0,0,0,0
3964264,1,0,0,0,0,0,0,0,0,0,0,0,0,0,1,0,0,0
4453188,0,0,0,0,1,0,0,0,0,0,0,0,0,0,0,0,0,0
4353425,0,0,1,0,0,0,0,0,0,0,0,0,0,2,1,0,0,1
4333166,0,0,0,0,0,0,0,0,0,0,0,0,2,0,0,0,0,0
245740,0,0,0,1,4,3,3,0,0,0,2,1,1,0,0,0,0,0
4466472,1,0,0,0,0,0,0,0,0,0,0,0,0,0,2,0,0,0
252724,0,0,0,0,0,0,0,0,1,1,0,0,0,0,0,0,0,0
4355641,0,0,0,0,0,0,0,0,0,0,0,0,0,1,1,1,0,0
3324832,11,2,0,0,0,0,0,0,0,0,0,1,0,11,8,6,3,3
4377823,0,0,0,0,1,0,0,0,0,0,0,1,0,2,0,0,0,0
1931714,0,1,0,22,24,3,4,20,0,0,15,33,31,0,0,0,1,2
4373345,0,0,0,0,0,0,0,0,0,0,0,0,1,0,0,0,0,0
1705785,0,0,1,0,0,2,0,2,1,0,0,0,3,0,0,0,0,0
735185,0,0,0,0,0,0,0,0,0,0,0,0,0,0,0,1,0,0
3475750,0,0,3,0,0,0,0,0,0,0,0,0,0,2,0,1,1,1
2094250,0,0,0,0,0,0,0,1,0,0,0,0,0,0,0,0,0,0
585063,0,0,0,0,0,5,0,0,0,0,0,0,0,0,0,0,0,0
4366896,0,0,1,0,0,0,1,0,0,0,0,0,0,0,0,0,0,0
4419990,1,0,0,0,0,0,0,0,0,0,0,0,0,1,1,0,0,0
4428321,0,0,0,0,0,3,1,0,3,1,0,0,1,0,0,0,0,0
4470226,0,0,1,0,0,0,0,0,0,0,0,0,0,0,0,0,0,0
307150,1,0,0,0,0,0,0,0,0,0,0,0,0,0,0,0,0,0
4307873,0,0,1,0,0,0,0,0,0,0,0,0,0,3,0,0,2,2
4313000,0,1,0,0,0,0,1,2,0,0,0,0,2,0,0,0,0,0
815715,1,0,0,0,0,0,0,0,0,0,0,0,0,0,2,0,0,0
2066103,0,0,0,2,1,4,2,1,11,7,0,0,10,0,0,0,0,0
1643583,0,0,0,1,0,0,0,0,0,0,0,0,0,0,0,0,1,0
4478771,0,0,0,0,0,0,0,1,0,1,1,0,1,0,0,0,0,0
4436700,0,0,0,0,1,1,1,0,0,0,0,0,0,0,0,0,0,0
2871212,0,0,0,1,0,0,0,0,0,0,0,0,0,0,0,0,0,0
615585,0,1,0,0,0,0,0,0,0,0,0,0,0,0,0,0,0,0
3998070,0,0,1,0,0,0,0,0,0,0,0,0,0,0,0,0,0,0
1950394,1,0,0,0,0,0,0,0,0,0,0,0,0,0,0,0,0,0
1950395,11,10,2,3,3,5,5,0,1,0,2,6,1,3,7,10,1,1
4433371,0,0,2,1,0,1,1,0,0,0,2,5,0,0,0,0,0,0
4353087,0,0,0,0,0,0,0,1,0,1,0,0,2,0,0,0,0,0
4479109,0,1,0,0,1,0,0,0,0,0,0,0,0,0,0,0,0,0
4353080,0,0,0,0,1,0,0,0,0,0,0,0,0,0,0,0,0,0
3418411,0,0,0,0,0,0,1,0,0,0,0,0,0,2,0,1,1,1
4473627,1,0,0,0,0,0,0,0,0,0,0,0,0,0,0,2,0,0
2860732,0,0,0,1,0,1,0,1,3,3,2,1,0,0,0,0,0,0
4420077,1,0,0,0,0,0,0,0,0,0,0,0,0,0,0,0,0,0
4473809,0,5,2,5,3,5,4,1,0,1,6,5,0,1,0,1,0,0
3661569,0,0,0,0,0,0,0,0,0,0,0,0,0,0,0,1,0,0
4475092,3,0,0,0,0,0,0,0,0,0,0,0,0,0,1,0,0,0
4396476,0,16,12,0,4,10,10,0,0,0,5,5,0,4,0,3,5,10
4463265,2,0,0,0,0,0,0,0,0,0,0,0,0,0,2,1,0,1
4483158,0,5,2,3,4,3,4,3,1,0,1,8,1,0,0,0,0,0
4401816,0,0,0,0,0,0,0,0,0,0,0,0,0,0,1,0,0,0
4313352,0,0,0,0,0,0,0,0,0,0,0,0,0,0,1,0,0,1
1796584,3,0,0,0,0,0,0,0,0,0,1,0,0,2,5,1,1,0
2768026,0,0,0,0,0,0,0,0,0,0,0,0,0,1,0,0,0,0
2286552,0,0,0,0,0,0,0,0,0,0,0,0,0,0,0,0,1,0
2043756,2,0,0,0,0,0,0,0,0,0,0,0,0,0,1,0,1,0
3716797,0,0,0,0,0,0,0,0,0,0,0,0,0,0,1,0,0,0
4460458,0,0,0,0,0,0,0,0,0,0,0,0,0,0,0,1,1,0
4423920,3,36,28,17,11,3,6,0,1,0,10,27,0,0,3,1,2,5
4393841,0,2,2,0,0,0,0,0,0,0,0,0,0,0,0,0,2,0
1083206,0,0,0,0,0,0,0,0,0,0,0,0,0,0,0,0,1,0
4471792,0,0,0,0,0,0,0,0,0,0,0,0,0,0,0,0,1,0
3445551,0,1,1,0,1,0,0,0,0,0,0,0,0,0,0,2,1,0
4451116,0,0,0,0,0,0,0,0,0,0,0,0,4,0,0,0,0,0
4358468,0,2,2,4,3,3,4,3,3,4,4,7,1,0,0,0,1,0
613227,0,0,0,0,0,0,0,0,0,0,0,0,0,0,1,0,0,0
2052307,0,0,0,0,0,0,0,0,0,0,0,1,0,0,0,0,0,0
2059400,1,0,0,0,0,0,0,0,0,0,0,0,0,1,2,0,0,0
1615346,0,0,0,0,0,0,0,0,0,0,0,0,0,1,1,3,0,0
2804605,0,0,0,0,0,0,0,2,0,0,0,0,0,0,0,0,0,0
4298362,0,0,0,0,0,0,0,0,0,0,0,0,0,0,1,0,0,0
251213,1,0,0,3,3,2,4,1,1,2,1,7,1,0,0,0,0,1
251747,0,0,0,0,0,0,0,0,2,4,0,0,0,0,0,0,0,0
4414306,0,0,0,0,0,0,0,0,0,0,0,0,0,1,0,0,0,0
4446626,0,0,1,0,0,0,0,0,0,0,0,0,0,1,0,1,0,0
817395,0,0,0,0,0,0,0,0,0,0,0,0,1,0,0,0,0,0
4399150,0,0,0,0,0,0,0,0,1,0,0,0,0,0,0,0,0,0
4382259,0,0,1,1,0,3,0,0,0,0,0,1,0,0,0,0,0,0
3030463,0,9,2,1,2,0,1,0,0,0,1,1,0,0,0,1,2,1
4411192,0,0,0,0,0,0,0,0,0,0,0,0,0,1,0,0,0,0
1713629,0,0,0,0,0,0,0,1,0,0,0,0,0,0,0,0,0,0
1657451,0,0,0,0,0,0,0,0,0,0,0,2,0,0,0,0,1,1
1824711,0,0,0,0,0,0,0,0,0,0,2,0,0,1,0,0,0,1
248108,0,0,0,1,0,1,0,0,0,0,0,0,1,0,0,0,0,0
247875,1,0,0,0,0,0,0,0,0,0,0,0,0,0,0,0,0,0
235374,0,0,0,0,0,0,1,0,1,3,0,0,0,0,0,0,0,0
4056284,0,0,0,0,0,1,0,0,0,0,0,0,0,0,0,0,0,0
2497725,0,0,0,0,0,0,1,0,0,0,0,1,0,0,0,0,0,0
4245791,0,0,0,0,0,0,0,0,0,0,0,0,0,0,0,0,1,0
4245797,0,0,0,0,1,1,0,0,0,0,3,4,0,0,0,0,1,0
3108363,1,0,0,0,0,0,0,0,0,0,0,0,0,2,1,3,0,0
3639072,0,1,0,1,0,0,0,0,0,0,1,0,0,0,0,0,0,0
3528230,0,0,2,7,6,5,8,1,0,0,5,15,3,0,0,0,0,0
2910349,0,0,0,1,2,4,0,0,0,0,1,1,0,0,0,0,0,0
4352594,0,0,0,0,0,0,0,0,0,0,0,1,0,0,1,0,1,0
237153,4,1,1,1,6,42,26,108,50,32,0,8,74,3,5,1,1,0
1548669,1,0,0,0,0,0,0,0,0,0,0,0,0,0,0,0,0,0
2742616,1,0,0,0,0,0,0,0,0,0,0,0,0,1,0,0,0,0
203193,4,0,0,0,0,0,0,0,0,0,0,0,0,0,4,0,0,0
890516,1,0,0,0,0,0,0,0,0,0,0,0,0,0,0,0,0,0
4347275,0,0,0,0,0,0,0,0,0,0,0,0,0,1,1,2,0,0
1601542,0,0,0,0,0,0,0,1,0,0,0,0,0,0,0,0,0,1
4483629,0,0,0,0,0,0,0,0,0,0,0,1,0,0,0,0,0,0
4362987,1,0,0,0,0,0,0,0,0,0,0,0,0,0,1,0,0,0
4409489,1,0,0,0,0,0,0,0,0,0,0,0,0,0,0,0,0,0
4474668,0,0,0,0,0,0,0,0,0,0,0,0,0,0,1,0,0,0
3225782,0,0,0,0,0,0,0,0,0,0,0,0,0,0,1,0,0,0
4422506,0,0,1,0,0,0,0,0,0,0,0,0,0,0,1,0,0,0
4255476,1,20,19,8,5,5,9,0,0,0,4,10,0,3,0,3,5,15
4412538,0,0,0,0,0,0,0,0,0,0,0,0,0,0,0,0,0,1
3489079,0,1,0,0,1,0,0,0,0,0,0,0,0,0,0,0,0,0
3317182,0,0,0,0,0,0,0,0,0,0,0,0,1,0,0,0,0,0
133177,0,0,0,0,0,0,0,0,0,0,0,2,0,0,0,0,0,0
4447290,0,0,0,0,0,0,0,0,0,0,0,0,2,0,0,0,0,0
30868,4,0,0,0,0,0,0,0,0,0,0,0,0,0,0,1,0,0
4412750,1,0,0,0,0,0,0,0,0,0,0,0,0,0,0,0,0,0
2521974,0,0,0,0,0,0,0,0,0,0,0,1,0,0,0,0,0,0
2174143,0,0,1,0,0,0,0,0,0,0,0,0,0,0,0,0,0,0
4454616,1,1,0,0,0,0,0,0,0,0,0,0,0,0,0,1,0,1
3567274,0,0,0,0,0,0,0,0,1,2,0,0,0,0,0,0,0,0
4198800,0,0,0,0,0,1,0,1,0,0,2,0,0,0,0,0,0,0
1757434,0,0,0,0,0,0,0,0,0,0,0,0,0,1,0,0,0,1
367949,0,0,0,0,0,0,0,0,0,0,0,0,0,0,1,0,0,0
4377218,0,0,0,0,0,0,0,0,0,0,0,0,0,1,0,0,0,0
4416300,0,0,0,0,0,0,0,0,0,0,2,0,0,0,0,0,0,0
3247367,0,0,0,0,0,0,0,0,0,0,0,1,0,0,0,0,0,0
4416304,0,0,0,0,0,0,1,0,3,4,0,0,0,0,0,0,0,0
3104873,0,0,0,0,0,0,0,0,0,0,0,0,0,0,0,2,0,1
4413202,0,1,0,0,0,0,0,0,1,0,3,0,0,0,0,0,0,0
4432368,0,1,1,2,1,0,0,2,0,0,2,0,1,0,0,0,2,1
4461288,0,0,0,0,0,0,0,0,0,0,0,0,0,0,0,0,1,0
4456068,1,0,0,0,0,0,0,0,0,0,0,0,0,0,0,0,0,0
1912279,0,0,0,0,0,0,0,0,0,0,0,0,0,0,0,0,2,2
3870975,0,1,0,0,0,0,0,1,0,0,0,0,0,0,0,0,0,0
4368734,0,0,1,0,0,0,0,0,0,0,0,0,0,0,0,0,0,0
3982358,0,1,0,0,0,0,0,0,0,0,0,1,0,1,1,0,1,0
2746832,0,0,0,1,1,4,0,0,2,0,2,1,0,0,0,0,0,0
4344800,0,0,0,1,1,1,2,1,5,1,0,0,2,0,0,0,0,0
4370805,0,0,0,0,0,1,0,1,0,0,0,0,0,0,0,0,0,0
4370803,0,0,0,0,0,0,0,0,1,2,0,0,0,0,0,0,0,0
2027409,1,0,0,0,0,0,0,0,0,0,0,0,0,0,0,0,0,0
4355108,0,0,0,1,0,1,2,0,0,0,0,0,0,0,0,0,0,0
4444340,1,0,0,0,0,0,0,0,0,0,0,0,0,0,0,0,0,0
4431803,1,0,0,0,0,0,0,0,0,0,0,0,0,0,0,0,0,0
3048082,0,0,0,0,0,0,0,0,0,0,0,0,0,1,0,0,2,0
4361675,6,9,8,7,1,0,0,0,0,0,2,4,0,5,3,4,1,2
2138918,0,0,0,0,1,0,0,0,0,0,0,0,0,1,0,0,0,0
287361,3,0,0,0,0,0,0,0,0,0,0,0,0,0,2,0,0,0
2196771,0,0,0,0,0,0,0,0,0,0,0,0,0,0,1,1,0,0
4454756,0,0,0,0,0,0,0,0,0,0,0,0,1,0,0,0,0,0
3419170,0,0,0,0,0,0,0,0,0,0,0,0,0,0,1,0,0,0
4410810,0,0,0,0,0,2,0,0,0,0,0,0,0,0,0,0,0,0
4341183,0,0,0,0,0,0,0,0,0,0,0,0,0,0,0,0,0,1
3056493,1,0,2,0,0,0,0,0,0,0,0,1,0,0,0,0,0,0